Day,Endpoint,Method,error_rate
1,/price,GET,1.0692309929445358
2,/price,GET,1.150495077004304
3,/price,GET,1.1026295634789072
4,/price,GET,1.1464989087321664
5,/price,GET,1.1217717736456185
6,/price,GET,1.138752668086344
7,/price,GET,1.1267891335414764
8,/price,GET,1.1372292040746124
9,/price,GET,1.131810470184284
10,/price,GET,1.1357041678605984
11,/price,GET,1.1323798848580067
12,/price,GET,1.1338512812294417
13,/price,GET,1.1322402363023267
14,/price,GET,1.1329706629862735
15,/price,GET,1.1321953822960322
16,/price,GET,1.132694602761966
17,/price,GET,1.1323721163290814
18,/price,GET,1.132670279867831
19,/price,GET,1.1325067708304521
20,/price,GET,1.1326534480551596
21,/price,GET,1.132565219762366
22,/price,GET,1.1326344891452826
23,/price,GET,1.132582791434935
24,/price,GET,1.1326183047100216
25,/price,GET,1.1325926870610659
26,/price,GET,1.1326094263912498
27,/price,GET,1.1325962013955795
28,/price,GET,1.1326051721968384
29,/price,GET,1.1325989758701958
30,/price,GET,1.132602675169684
31,/price,GET,1.1326016578623246
32,/price,GET,1.1326025826871968
33,/price,GET,1.1326019353097863
34,/price,GET,1.1326023977222224
35,/price,GET,1.1326021202747607
36,/price,GET,1.1326023977222224
37,/price,GET,1.132602212757248
38,/price,GET,1.1326023977222224
39,/price,GET,1.132602212757248
40,/price,GET,1.132602212757248
41,/price,GET,1.132602212757248
42,/price,GET,1.132602212757248
43,/price,GET,1.132602212757248
44,/price,GET,1.132602212757248
45,/price,GET,1.132602212757248
46,/price,GET,1.1326023052397352
47,/price,GET,1.132602212757248
48,/price,GET,1.132602212757248
49,/price,GET,1.132602212757248
50,/price,GET,1.132602212757248
51,/price,GET,1.132602212757248
52,/price,GET,1.132602212757248
53,/price,GET,1.132602212757248
54,/price,GET,1.1326023052397352
55,/price,GET,1.132602212757248
56,/price,GET,1.132602212757248
57,/price,GET,1.132602212757248
58,/price,GET,1.132602212757248
59,/price,GET,1.132602212757248
60,/price,GET,1.132602212757248
61,/price,GET,1.132602212757248
62,/price,GET,1.132602212757248
63,/price,GET,1.132602212757248
64,/price,GET,1.132602212757248
65,/price,GET,1.132602212757248
66,/price,GET,1.132602212757248
67,/price,GET,1.132602212757248
68,/price,GET,1.132602212757248
69,/price,GET,1.132602212757248
70,/price,GET,1.132602212757248
71,/price,GET,1.132602212757248
72,/price,GET,1.132602212757248
73,/price,GET,1.132602212757248
74,/price,GET,1.132602212757248
75,/price,GET,1.132602212757248
76,/price,GET,1.132602212757248
77,/price,GET,1.132602212757248
78,/price,GET,1.132602212757248
79,/price,GET,1.132602212757248
80,/price,GET,1.132602212757248
81,/price,GET,1.132602212757248
82,/price,GET,1.132602212757248
83,/price,GET,1.132602212757248
84,/price,GET,1.132602212757248
85,/price,GET,1.132602212757248
86,/price,GET,1.132602212757248
87,/price,GET,1.132602212757248
88,/price,GET,1.132602212757248
89,/price,GET,1.132602212757248
90,/price,GET,1.132602212757248
91,/price,GET,1.132602212757248
92,/price,GET,1.132602212757248
93,/price,GET,1.132602212757248
94,/price,GET,1.132602212757248
95,/price,GET,1.132602212757248
96,/price,GET,1.132602212757248
97,/price,GET,1.132602212757248
98,/price,GET,1.132602212757248
99,/price,GET,1.132602212757248
100,/price,GET,1.132602212757248
101,/price,GET,1.132602212757248
102,/price,GET,1.132602212757248
103,/price,GET,1.132602212757248
104,/price,GET,1.132602212757248
105,/price,GET,1.132602212757248
106,/price,GET,1.132602212757248
107,/price,GET,1.132602212757248
108,/price,GET,1.132602212757248
109,/price,GET,1.132602212757248
110,/price,GET,1.132602212757248
111,/price,GET,1.132602212757248
112,/price,GET,1.132602212757248
113,/price,GET,1.132602212757248
114,/price,GET,1.132602212757248
115,/price,GET,1.132602212757248
116,/price,GET,1.132602212757248
117,/price,GET,1.132602212757248
118,/price,GET,1.132602212757248
119,/price,GET,1.132602212757248
120,/price,GET,1.132602212757248
121,/price,GET,1.132602212757248
122,/price,GET,1.132602212757248
123,/price,GET,1.132602212757248
124,/price,GET,1.132602212757248
125,/price,GET,1.132602212757248
126,/price,GET,1.132602212757248
127,/price,GET,1.132602212757248
128,/price,GET,1.132602212757248
129,/price,GET,1.132602212757248
130,/price,GET,1.132602212757248
131,/price,GET,1.132602212757248
132,/price,GET,1.132602212757248
133,/price,GET,1.132602212757248
134,/price,GET,1.132602212757248
135,/price,GET,1.132602212757248
136,/price,GET,1.132602212757248
137,/price,GET,1.132602212757248
138,/price,GET,1.132602212757248
139,/price,GET,1.132602212757248
140,/price,GET,1.132602212757248
141,/price,GET,1.132602212757248
142,/price,GET,1.132602212757248
143,/price,GET,1.132602212757248
144,/price,GET,1.132602212757248
145,/price,GET,1.132602212757248
146,/price,GET,1.132602212757248
147,/price,GET,1.132602212757248
148,/price,GET,1.132602212757248
149,/price,GET,1.132602212757248
150,/price,GET,1.132602212757248
151,/price,GET,1.132602212757248
152,/price,GET,1.132602212757248
153,/price,GET,1.132602212757248
154,/price,GET,1.132602212757248
155,/price,GET,1.132602212757248
156,/price,GET,1.132602212757248
157,/price,GET,1.132602212757248
158,/price,GET,1.132602212757248
159,/price,GET,1.132602212757248
160,/price,GET,1.132602212757248
161,/price,GET,1.132602212757248
162,/price,GET,1.132602212757248
163,/price,GET,1.132602212757248
164,/price,GET,1.132602212757248
165,/price,GET,1.132602212757248
166,/price,GET,1.132602212757248
167,/price,GET,1.132602212757248
168,/price,GET,1.132602212757248
169,/price,GET,1.132602212757248
170,/price,GET,1.132602212757248
171,/price,GET,1.132602212757248
172,/price,GET,1.132602212757248
173,/price,GET,1.132602212757248
174,/price,GET,1.132602212757248
175,/price,GET,1.132602212757248
176,/price,GET,1.132602212757248
177,/price,GET,1.132602212757248
178,/price,GET,1.132602212757248
179,/price,GET,1.132602212757248
180,/price,GET,1.132602212757248
1,/price,PUT,1.1347004274854247
2,/price,PUT,1.2125923680537762
3,/price,PUT,1.1705466747093862
4,/price,PUT,1.2016237858281953
5,/price,PUT,1.1800165548368824
6,/price,PUT,1.187176541731877
7,/price,PUT,1.186671589162478
8,/price,PUT,1.1853376742875386
9,/price,PUT,1.1873836925548724
10,/price,PUT,1.185810136129934
11,/price,PUT,1.1864229722735273
12,/price,PUT,1.1861152976542775
13,/price,PUT,1.1862957019671982
14,/price,PUT,1.186272186579146
15,/price,PUT,1.1862680579232283
16,/price,PUT,1.18628062339776
17,/price,PUT,1.1862698529910185
18,/price,PUT,1.1862709300316927
19,/price,PUT,1.1862684169367863
20,/price,PUT,1.1862705710181347
21,/price,PUT,1.1862702120045767
22,/price,PUT,1.1862698529910185
23,/price,PUT,1.1862702120045767
24,/price,PUT,1.1862700324977975
25,/price,PUT,1.1862700324977975
26,/price,PUT,1.1862702120045767
27,/price,PUT,1.1862700324977975
28,/price,PUT,1.1862702120045767
29,/price,PUT,1.1862700324977975
30,/price,PUT,1.1862702120045767
31,/price,PUT,1.1862702120045767
32,/price,PUT,1.1862700324977975
33,/price,PUT,1.1862700324977975
34,/price,PUT,1.1862700324977975
35,/price,PUT,1.1862702120045767
36,/price,PUT,1.1862702120045767
37,/price,PUT,1.1862700324977975
38,/price,PUT,1.1862702120045767
39,/price,PUT,1.1862700324977975
40,/price,PUT,1.1862702120045767
41,/price,PUT,1.1862702120045767
42,/price,PUT,1.1862702120045767
43,/price,PUT,1.1862702120045767
44,/price,PUT,1.1862702120045767
45,/price,PUT,1.1862702120045767
46,/price,PUT,1.1862702120045767
47,/price,PUT,1.1862702120045767
48,/price,PUT,1.1862702120045767
49,/price,PUT,1.1862702120045767
50,/price,PUT,1.1862700324977975
51,/price,PUT,1.1862700324977975
52,/price,PUT,1.1862702120045767
53,/price,PUT,1.1862700324977975
54,/price,PUT,1.1862700324977975
55,/price,PUT,1.1862702120045767
56,/price,PUT,1.1862702120045767
57,/price,PUT,1.1862700324977975
58,/price,PUT,1.1862702120045767
59,/price,PUT,1.1862700324977975
60,/price,PUT,1.1862700324977975
61,/price,PUT,1.1862702120045767
62,/price,PUT,1.1862700324977975
63,/price,PUT,1.1862700324977975
64,/price,PUT,1.1862700324977975
65,/price,PUT,1.1862700324977975
66,/price,PUT,1.1862702120045767
67,/price,PUT,1.1862700324977975
68,/price,PUT,1.1862700324977975
69,/price,PUT,1.1862702120045767
70,/price,PUT,1.1862702120045767
71,/price,PUT,1.1862700324977975
72,/price,PUT,1.1862702120045767
73,/price,PUT,1.1862702120045767
74,/price,PUT,1.1862700324977975
75,/price,PUT,1.1862700324977975
76,/price,PUT,1.1862700324977975
77,/price,PUT,1.1862700324977975
78,/price,PUT,1.1862702120045767
79,/price,PUT,1.1862702120045767
80,/price,PUT,1.1862700324977975
81,/price,PUT,1.1862702120045767
82,/price,PUT,1.1862702120045767
83,/price,PUT,1.1862700324977975
84,/price,PUT,1.1862700324977975
85,/price,PUT,1.1862700324977975
86,/price,PUT,1.1862702120045767
87,/price,PUT,1.1862700324977975
88,/price,PUT,1.1862700324977975
89,/price,PUT,1.1862700324977975
90,/price,PUT,1.1862700324977975
91,/price,PUT,1.1862702120045767
92,/price,PUT,1.1862700324977975
93,/price,PUT,1.1862700324977975
94,/price,PUT,1.1862702120045767
95,/price,PUT,1.1862700324977975
96,/price,PUT,1.1862700324977975
97,/price,PUT,1.1862700324977975
98,/price,PUT,1.1862700324977975
99,/price,PUT,1.1862702120045767
100,/price,PUT,1.1862700324977975
101,/price,PUT,1.1862700324977975
102,/price,PUT,1.1862702120045767
103,/price,PUT,1.1862700324977975
104,/price,PUT,1.1862700324977975
105,/price,PUT,1.1862700324977975
106,/price,PUT,1.1862700324977975
107,/price,PUT,1.1862702120045767
108,/price,PUT,1.1862700324977975
109,/price,PUT,1.1862700324977975
110,/price,PUT,1.1862702120045767
111,/price,PUT,1.1862700324977975
112,/price,PUT,1.1862700324977975
113,/price,PUT,1.1862700324977975
114,/price,PUT,1.1862700324977975
115,/price,PUT,1.1862700324977975
116,/price,PUT,1.1862700324977975
117,/price,PUT,1.1862700324977975
118,/price,PUT,1.1862702120045767
119,/price,PUT,1.1862700324977975
120,/price,PUT,1.1862700324977975
121,/price,PUT,1.1862700324977975
122,/price,PUT,1.1862700324977975
123,/price,PUT,1.1862700324977975
124,/price,PUT,1.1862700324977975
125,/price,PUT,1.1862700324977975
126,/price,PUT,1.1862700324977975
127,/price,PUT,1.1862700324977975
128,/price,PUT,1.1862700324977975
129,/price,PUT,1.1862700324977975
130,/price,PUT,1.1862702120045767
131,/price,PUT,1.1862702120045767
132,/price,PUT,1.1862702120045767
133,/price,PUT,1.1862700324977975
134,/price,PUT,1.1862700324977975
135,/price,PUT,1.1862702120045767
136,/price,PUT,1.1862702120045767
137,/price,PUT,1.1862700324977975
138,/price,PUT,1.1862702120045767
139,/price,PUT,1.1862700324977975
140,/price,PUT,1.1862700324977975
141,/price,PUT,1.1862700324977975
142,/price,PUT,1.1862700324977975
143,/price,PUT,1.1862702120045767
144,/price,PUT,1.1862700324977975
145,/price,PUT,1.1862700324977975
146,/price,PUT,1.1862702120045767
147,/price,PUT,1.1862700324977975
148,/price,PUT,1.1862700324977975
149,/price,PUT,1.1862700324977975
150,/price,PUT,1.1862702120045767
151,/price,PUT,1.1862700324977975
152,/price,PUT,1.1862700324977975
153,/price,PUT,1.1862702120045767
154,/price,PUT,1.1862702120045767
155,/price,PUT,1.1862700324977975
156,/price,PUT,1.1862700324977975
157,/price,PUT,1.1862700324977975
158,/price,PUT,1.1862702120045767
159,/price,PUT,1.1862702120045767
160,/price,PUT,1.1862700324977975
161,/price,PUT,1.1862700324977975
162,/price,PUT,1.1862702120045767
163,/price,PUT,1.1862702120045767
164,/price,PUT,1.1862700324977975
165,/price,PUT,1.1862700324977975
166,/price,PUT,1.1862700324977975
167,/price,PUT,1.1862702120045767
168,/price,PUT,1.1862700324977975
169,/price,PUT,1.1862700324977975
170,/price,PUT,1.1862702120045767
171,/price,PUT,1.1862700324977975
172,/price,PUT,1.1862700324977975
173,/price,PUT,1.1862702120045767
174,/price,PUT,1.1862702120045767
175,/price,PUT,1.1862700324977975
176,/price,PUT,1.1862700324977975
177,/price,PUT,1.1862702120045767
178,/price,PUT,1.1862700324977975
179,/price,PUT,1.1862700324977975
180,/price,PUT,1.1862700324977975
1,/price,POST,1.15141619862678
2,/price,POST,1.174570136306364
3,/price,POST,1.1656581336140557
4,/price,POST,1.1786573255686537
5,/price,POST,1.183670244983747
6,/price,POST,1.179821253244457
7,/price,POST,1.1783720139767668
8,/price,POST,1.179694535665126
9,/price,POST,1.1790845923755338
10,/price,POST,1.179014884571009
11,/price,POST,1.1791272402408648
12,/price,POST,1.1790315233685713
13,/price,POST,1.1790730327898589
14,/price,POST,1.179085905964815
15,/price,POST,1.1791443169015212
16,/price,POST,1.1791124404682962
17,/price,POST,1.179133808187271
18,/price,POST,1.1791193587051774
19,/price,POST,1.1791275029587212
20,/price,POST,1.1791224237468336
21,/price,POST,1.1791257515063462
22,/price,POST,1.179124437917065
23,/price,POST,1.1791252260706337
24,/price,POST,1.1791247006349213
25,/price,POST,1.1791249633527774
26,/price,POST,1.1791248757801587
27,/price,POST,1.1791248757801587
28,/price,POST,1.1791248757801587
29,/price,POST,1.1791248757801587
30,/price,POST,1.1791248757801587
31,/price,POST,1.1791248757801587
32,/price,POST,1.1791248757801587
33,/price,POST,1.1791248757801587
34,/price,POST,1.1791248757801587
35,/price,POST,1.1791248757801587
36,/price,POST,1.1791248757801587
37,/price,POST,1.1791248757801587
38,/price,POST,1.1791248757801587
39,/price,POST,1.1791248757801587
40,/price,POST,1.1791248757801587
41,/price,POST,1.1791248757801587
42,/price,POST,1.1791248757801587
43,/price,POST,1.17912478820754
44,/price,POST,1.1791248757801587
45,/price,POST,1.1791248757801587
46,/price,POST,1.1791248757801587
47,/price,POST,1.1791248757801587
48,/price,POST,1.17912478820754
49,/price,POST,1.1791248757801587
50,/price,POST,1.1791248757801587
51,/price,POST,1.1791248757801587
52,/price,POST,1.1791248757801587
53,/price,POST,1.1791248757801587
54,/price,POST,1.17912478820754
55,/price,POST,1.1791248757801587
56,/price,POST,1.1791248757801587
57,/price,POST,1.1791248757801587
58,/price,POST,1.1791248757801587
59,/price,POST,1.1791248757801587
60,/price,POST,1.1791248757801587
61,/price,POST,1.1791248757801587
62,/price,POST,1.1791248757801587
63,/price,POST,1.1791248757801587
64,/price,POST,1.1791248757801587
65,/price,POST,1.1791248757801587
66,/price,POST,1.1791248757801587
67,/price,POST,1.1791248757801587
68,/price,POST,1.1791248757801587
69,/price,POST,1.1791248757801587
70,/price,POST,1.17912478820754
71,/price,POST,1.1791248757801587
72,/price,POST,1.1791248757801587
73,/price,POST,1.1791248757801587
74,/price,POST,1.1791248757801587
75,/price,POST,1.1791248757801587
76,/price,POST,1.17912478820754
77,/price,POST,1.1791248757801587
78,/price,POST,1.17912478820754
79,/price,POST,1.1791248757801587
80,/price,POST,1.1791248757801587
81,/price,POST,1.1791248757801587
82,/price,POST,1.1791248757801587
83,/price,POST,1.17912478820754
84,/price,POST,1.1791248757801587
85,/price,POST,1.1791248757801587
86,/price,POST,1.17912478820754
87,/price,POST,1.1791248757801587
88,/price,POST,1.1791248757801587
89,/price,POST,1.1791248757801587
90,/price,POST,1.1791248757801587
91,/price,POST,1.1791248757801587
92,/price,POST,1.17912478820754
93,/price,POST,1.17912478820754
94,/price,POST,1.1791248757801587
95,/price,POST,1.1791248757801587
96,/price,POST,1.1791248757801587
97,/price,POST,1.1791248757801587
98,/price,POST,1.1791248757801587
99,/price,POST,1.1791248757801587
100,/price,POST,1.1791248757801587
101,/price,POST,1.1791248757801587
102,/price,POST,1.1791248757801587
103,/price,POST,1.1791248757801587
104,/price,POST,1.1791248757801587
105,/price,POST,1.1791248757801587
106,/price,POST,1.1791248757801587
107,/price,POST,1.1791248757801587
108,/price,POST,1.1791248757801587
109,/price,POST,1.1791248757801587
110,/price,POST,1.1791248757801587
111,/price,POST,1.1791248757801587
112,/price,POST,1.1791248757801587
113,/price,POST,1.17912478820754
114,/price,POST,1.17912478820754
115,/price,POST,1.1791248757801587
116,/price,POST,1.1791248757801587
117,/price,POST,1.1791248757801587
118,/price,POST,1.1791248757801587
119,/price,POST,1.17912478820754
120,/price,POST,1.1791248757801587
121,/price,POST,1.1791248757801587
122,/price,POST,1.17912478820754
123,/price,POST,1.1791248757801587
124,/price,POST,1.1791248757801587
125,/price,POST,1.1791248757801587
126,/price,POST,1.17912478820754
127,/price,POST,1.17912478820754
128,/price,POST,1.1791248757801587
129,/price,POST,1.1791248757801587
130,/price,POST,1.1791248757801587
131,/price,POST,1.1791248757801587
132,/price,POST,1.1791248757801587
133,/price,POST,1.1791248757801587
134,/price,POST,1.1791248757801587
135,/price,POST,1.1791248757801587
136,/price,POST,1.1791248757801587
137,/price,POST,1.1791248757801587
138,/price,POST,1.1791248757801587
139,/price,POST,1.1791248757801587
140,/price,POST,1.17912478820754
141,/price,POST,1.1791248757801587
142,/price,POST,1.1791248757801587
143,/price,POST,1.1791248757801587
144,/price,POST,1.1791248757801587
145,/price,POST,1.1791248757801587
146,/price,POST,1.1791248757801587
147,/price,POST,1.17912478820754
148,/price,POST,1.17912478820754
149,/price,POST,1.1791248757801587
150,/price,POST,1.1791248757801587
151,/price,POST,1.1791248757801587
152,/price,POST,1.1791248757801587
153,/price,POST,1.1791248757801587
154,/price,POST,1.1791248757801587
155,/price,POST,1.1791248757801587
156,/price,POST,1.1791248757801587
157,/price,POST,1.1791248757801587
158,/price,POST,1.1791248757801587
159,/price,POST,1.1791248757801587
160,/price,POST,1.1791248757801587
161,/price,POST,1.17912478820754
162,/price,POST,1.1791248757801587
163,/price,POST,1.1791248757801587
164,/price,POST,1.1791248757801587
165,/price,POST,1.1791248757801587
166,/price,POST,1.1791248757801587
167,/price,POST,1.1791248757801587
168,/price,POST,1.1791248757801587
169,/price,POST,1.1791248757801587
170,/price,POST,1.1791248757801587
171,/price,POST,1.1791248757801587
172,/price,POST,1.1791248757801587
173,/price,POST,1.1791248757801587
174,/price,POST,1.1791248757801587
175,/price,POST,1.1791248757801587
176,/price,POST,1.1791248757801587
177,/price,POST,1.17912478820754
178,/price,POST,1.1791248757801587
179,/price,POST,1.1791248757801587
180,/price,POST,1.1791248757801587
1,/users,GET,1.1387047601837779
2,/users,GET,1.1106647987588887
3,/users,GET,1.083152779994
4,/users,GET,1.0591972078564935
5,/users,GET,1.0377616783053358
6,/users,GET,1.033562535008039
7,/users,GET,1.0386729383210067
8,/users,GET,1.0418072905707751
9,/users,GET,1.0434383374602718
10,/users,GET,1.0433085550351548
11,/users,GET,1.0436953048066435
12,/users,GET,1.0432770139168277
13,/users,GET,1.043312080218968
14,/users,GET,1.04310010535021
15,/users,GET,1.0431138350134819
16,/users,GET,1.04307672781545
17,/users,GET,1.0430943537345152
18,/users,GET,1.043103630534023
19,/users,GET,1.0431142988534574
20,/users,GET,1.0431176385012801
21,/users,GET,1.043118566181231
22,/users,GET,1.0431172674292999
23,/users,GET,1.0431170818933098
24,/users,GET,1.043116246981354
25,/users,GET,1.0431160614453638
26,/users,GET,1.0431158759093737
27,/users,GET,1.0431159686773688
28,/users,GET,1.0431159686773688
29,/users,GET,1.043116154213359
30,/users,GET,1.0431160614453638
31,/users,GET,1.0431160614453638
32,/users,GET,1.043116154213359
33,/users,GET,1.043116154213359
34,/users,GET,1.0431160614453638
35,/users,GET,1.0431160614453638
36,/users,GET,1.043116154213359
37,/users,GET,1.0431160614453638
38,/users,GET,1.043116154213359
39,/users,GET,1.0431160614453638
40,/users,GET,1.0431159686773688
41,/users,GET,1.043116154213359
42,/users,GET,1.0431160614453638
43,/users,GET,1.0431160614453638
44,/users,GET,1.043116154213359
45,/users,GET,1.0431160614453638
46,/users,GET,1.0431160614453638
47,/users,GET,1.0431160614453638
48,/users,GET,1.0431160614453638
49,/users,GET,1.043116154213359
50,/users,GET,1.0431160614453638
51,/users,GET,1.0431160614453638
52,/users,GET,1.0431160614453638
53,/users,GET,1.043116154213359
54,/users,GET,1.043116154213359
55,/users,GET,1.0431160614453638
56,/users,GET,1.043116154213359
57,/users,GET,1.043116154213359
58,/users,GET,1.0431159686773688
59,/users,GET,1.043116154213359
60,/users,GET,1.0431160614453638
61,/users,GET,1.0431160614453638
62,/users,GET,1.0431160614453638
63,/users,GET,1.0431159686773688
64,/users,GET,1.043116154213359
65,/users,GET,1.0431160614453638
66,/users,GET,1.0431160614453638
67,/users,GET,1.043116154213359
68,/users,GET,1.043116154213359
69,/users,GET,1.0431160614453638
70,/users,GET,1.0431160614453638
71,/users,GET,1.0431160614453638
72,/users,GET,1.0431160614453638
73,/users,GET,1.043116154213359
74,/users,GET,1.0431160614453638
75,/users,GET,1.0431160614453638
76,/users,GET,1.0431160614453638
77,/users,GET,1.043116154213359
78,/users,GET,1.0431160614453638
79,/users,GET,1.043116154213359
80,/users,GET,1.0431160614453638
81,/users,GET,1.043116154213359
82,/users,GET,1.0431160614453638
83,/users,GET,1.043116154213359
84,/users,GET,1.0431160614453638
85,/users,GET,1.0431159686773688
86,/users,GET,1.043116154213359
87,/users,GET,1.0431160614453638
88,/users,GET,1.0431160614453638
89,/users,GET,1.0431160614453638
90,/users,GET,1.0431160614453638
91,/users,GET,1.043116154213359
92,/users,GET,1.043116154213359
93,/users,GET,1.0431159686773688
94,/users,GET,1.0431160614453638
95,/users,GET,1.0431160614453638
96,/users,GET,1.043116154213359
97,/users,GET,1.043116154213359
98,/users,GET,1.0431160614453638
99,/users,GET,1.043116154213359
100,/users,GET,1.0431160614453638
101,/users,GET,1.043116154213359
102,/users,GET,1.043116154213359
103,/users,GET,1.043116154213359
104,/users,GET,1.043116154213359
105,/users,GET,1.0431160614453638
106,/users,GET,1.043116154213359
107,/users,GET,1.0431160614453638
108,/users,GET,1.0431160614453638
109,/users,GET,1.0431160614453638
110,/users,GET,1.0431160614453638
111,/users,GET,1.043116154213359
112,/users,GET,1.0431160614453638
113,/users,GET,1.043116154213359
114,/users,GET,1.0431160614453638
115,/users,GET,1.0431160614453638
116,/users,GET,1.0431160614453638
117,/users,GET,1.0431159686773688
118,/users,GET,1.0431160614453638
119,/users,GET,1.043116154213359
120,/users,GET,1.043116154213359
121,/users,GET,1.0431160614453638
122,/users,GET,1.043116154213359
123,/users,GET,1.0431160614453638
124,/users,GET,1.0431160614453638
125,/users,GET,1.043116154213359
126,/users,GET,1.043116154213359
127,/users,GET,1.043116154213359
128,/users,GET,1.043116154213359
129,/users,GET,1.043116154213359
130,/users,GET,1.0431160614453638
131,/users,GET,1.0431160614453638
132,/users,GET,1.0431160614453638
133,/users,GET,1.043116154213359
134,/users,GET,1.043116154213359
135,/users,GET,1.0431160614453638
136,/users,GET,1.043116154213359
137,/users,GET,1.0431160614453638
138,/users,GET,1.043116154213359
139,/users,GET,1.043116154213359
140,/users,GET,1.043116154213359
141,/users,GET,1.043116154213359
142,/users,GET,1.043116154213359
143,/users,GET,1.0431160614453638
144,/users,GET,1.0431160614453638
145,/users,GET,1.0431160614453638
146,/users,GET,1.0431160614453638
147,/users,GET,1.0431160614453638
148,/users,GET,1.0431160614453638
149,/users,GET,1.0431160614453638
150,/users,GET,1.0431160614453638
151,/users,GET,1.043116154213359
152,/users,GET,1.043116154213359
153,/users,GET,1.0431160614453638
154,/users,GET,1.0431160614453638
155,/users,GET,1.043116154213359
156,/users,GET,1.0431159686773688
157,/users,GET,1.043116154213359
158,/users,GET,1.0431160614453638
159,/users,GET,1.043116154213359
160,/users,GET,1.043116154213359
161,/users,GET,1.0431160614453638
162,/users,GET,1.0431159686773688
163,/users,GET,1.0431159686773688
164,/users,GET,1.043116154213359
165,/users,GET,1.0431159686773688
166,/users,GET,1.043116154213359
167,/users,GET,1.043116154213359
168,/users,GET,1.043116154213359
169,/users,GET,1.0431160614453638
170,/users,GET,1.0431160614453638
171,/users,GET,1.0431160614453638
172,/users,GET,1.0431160614453638
173,/users,GET,1.0431160614453638
174,/users,GET,1.043116154213359
175,/users,GET,1.0431160614453638
176,/users,GET,1.043116154213359
177,/users,GET,1.043116154213359
178,/users,GET,1.043116154213359
179,/users,GET,1.0431160614453638
180,/users,GET,1.0431160614453638
1,/users,PUT,1.3037820254637766
2,/users,PUT,1.2684852371036757
3,/users,PUT,1.2878255233404805
4,/users,PUT,1.288225057429942
5,/users,PUT,1.2791977229922842
6,/users,PUT,1.2770247092537417
7,/users,PUT,1.282580106460431
8,/users,PUT,1.2811292129462464
9,/users,PUT,1.278809306525382
10,/users,PUT,1.2789690676369656
11,/users,PUT,1.2794661216597447
12,/users,PUT,1.2797530788782494
13,/users,PUT,1.279607411760619
14,/users,PUT,1.2795255615472874
15,/users,PUT,1.279571170061882
16,/users,PUT,1.2795780857483559
17,/users,PUT,1.2795767726433291
18,/users,PUT,1.2795695943358498
19,/users,PUT,1.279574321513946
20,/users,PUT,1.2795763349416536
21,/users,PUT,1.2795748467559567
22,/users,PUT,1.2795741464332757
23,/users,PUT,1.2795741464332757
24,/users,PUT,1.2795744965946163
25,/users,PUT,1.279574409054281
26,/users,PUT,1.279574409054281
27,/users,PUT,1.279574321513946
28,/users,PUT,1.279574409054281
29,/users,PUT,1.279574321513946
30,/users,PUT,1.279574409054281
31,/users,PUT,1.2795744965946163
32,/users,PUT,1.279574409054281
33,/users,PUT,1.279574409054281
34,/users,PUT,1.279574409054281
35,/users,PUT,1.279574409054281
36,/users,PUT,1.279574409054281
37,/users,PUT,1.279574409054281
38,/users,PUT,1.279574409054281
39,/users,PUT,1.279574409054281
40,/users,PUT,1.279574409054281
41,/users,PUT,1.279574409054281
42,/users,PUT,1.279574409054281
43,/users,PUT,1.279574409054281
44,/users,PUT,1.279574409054281
45,/users,PUT,1.279574409054281
46,/users,PUT,1.279574409054281
47,/users,PUT,1.279574409054281
48,/users,PUT,1.279574409054281
49,/users,PUT,1.279574321513946
50,/users,PUT,1.279574409054281
51,/users,PUT,1.279574321513946
52,/users,PUT,1.279574409054281
53,/users,PUT,1.279574321513946
54,/users,PUT,1.279574409054281
55,/users,PUT,1.279574409054281
56,/users,PUT,1.279574409054281
57,/users,PUT,1.279574409054281
58,/users,PUT,1.279574409054281
59,/users,PUT,1.279574409054281
60,/users,PUT,1.279574409054281
61,/users,PUT,1.279574409054281
62,/users,PUT,1.279574409054281
63,/users,PUT,1.279574321513946
64,/users,PUT,1.279574409054281
65,/users,PUT,1.279574409054281
66,/users,PUT,1.279574321513946
67,/users,PUT,1.279574321513946
68,/users,PUT,1.279574409054281
69,/users,PUT,1.279574409054281
70,/users,PUT,1.2795744965946163
71,/users,PUT,1.279574409054281
72,/users,PUT,1.279574409054281
73,/users,PUT,1.279574321513946
74,/users,PUT,1.279574409054281
75,/users,PUT,1.279574409054281
76,/users,PUT,1.279574409054281
77,/users,PUT,1.279574409054281
78,/users,PUT,1.279574409054281
79,/users,PUT,1.279574409054281
80,/users,PUT,1.279574409054281
81,/users,PUT,1.279574409054281
82,/users,PUT,1.279574409054281
83,/users,PUT,1.279574409054281
84,/users,PUT,1.279574409054281
85,/users,PUT,1.279574409054281
86,/users,PUT,1.279574321513946
87,/users,PUT,1.279574409054281
88,/users,PUT,1.279574409054281
89,/users,PUT,1.279574409054281
90,/users,PUT,1.279574409054281
91,/users,PUT,1.279574409054281
92,/users,PUT,1.279574409054281
93,/users,PUT,1.279574409054281
94,/users,PUT,1.279574321513946
95,/users,PUT,1.279574409054281
96,/users,PUT,1.279574409054281
97,/users,PUT,1.279574321513946
98,/users,PUT,1.279574321513946
99,/users,PUT,1.279574409054281
100,/users,PUT,1.279574409054281
101,/users,PUT,1.279574409054281
102,/users,PUT,1.279574409054281
103,/users,PUT,1.279574409054281
104,/users,PUT,1.279574409054281
105,/users,PUT,1.279574409054281
106,/users,PUT,1.279574321513946
107,/users,PUT,1.279574321513946
108,/users,PUT,1.279574409054281
109,/users,PUT,1.279574409054281
110,/users,PUT,1.279574409054281
111,/users,PUT,1.279574409054281
112,/users,PUT,1.279574409054281
113,/users,PUT,1.279574409054281
114,/users,PUT,1.279574409054281
115,/users,PUT,1.279574409054281
116,/users,PUT,1.2795744965946163
117,/users,PUT,1.279574409054281
118,/users,PUT,1.279574409054281
119,/users,PUT,1.279574409054281
120,/users,PUT,1.279574321513946
121,/users,PUT,1.279574409054281
122,/users,PUT,1.279574409054281
123,/users,PUT,1.279574409054281
124,/users,PUT,1.279574321513946
125,/users,PUT,1.279574409054281
126,/users,PUT,1.279574409054281
127,/users,PUT,1.279574409054281
128,/users,PUT,1.279574409054281
129,/users,PUT,1.279574409054281
130,/users,PUT,1.279574321513946
131,/users,PUT,1.279574409054281
132,/users,PUT,1.279574321513946
133,/users,PUT,1.279574409054281
134,/users,PUT,1.279574409054281
135,/users,PUT,1.279574409054281
136,/users,PUT,1.279574409054281
137,/users,PUT,1.279574409054281
138,/users,PUT,1.279574409054281
139,/users,PUT,1.279574409054281
140,/users,PUT,1.279574321513946
141,/users,PUT,1.279574409054281
142,/users,PUT,1.279574409054281
143,/users,PUT,1.279574321513946
144,/users,PUT,1.2795744965946163
145,/users,PUT,1.2795744965946163
146,/users,PUT,1.279574409054281
147,/users,PUT,1.279574409054281
148,/users,PUT,1.279574409054281
149,/users,PUT,1.279574409054281
150,/users,PUT,1.279574409054281
151,/users,PUT,1.279574321513946
152,/users,PUT,1.279574409054281
153,/users,PUT,1.279574321513946
154,/users,PUT,1.279574321513946
155,/users,PUT,1.279574321513946
156,/users,PUT,1.279574409054281
157,/users,PUT,1.279574409054281
158,/users,PUT,1.279574321513946
159,/users,PUT,1.279574409054281
160,/users,PUT,1.279574409054281
161,/users,PUT,1.279574409054281
162,/users,PUT,1.279574321513946
163,/users,PUT,1.279574409054281
164,/users,PUT,1.279574409054281
165,/users,PUT,1.279574321513946
166,/users,PUT,1.279574409054281
167,/users,PUT,1.279574321513946
168,/users,PUT,1.279574409054281
169,/users,PUT,1.279574409054281
170,/users,PUT,1.279574409054281
171,/users,PUT,1.279574409054281
172,/users,PUT,1.279574409054281
173,/users,PUT,1.279574321513946
174,/users,PUT,1.279574321513946
175,/users,PUT,1.279574409054281
176,/users,PUT,1.2795744965946163
177,/users,PUT,1.279574409054281
178,/users,PUT,1.279574409054281
179,/users,PUT,1.279574409054281
180,/users,PUT,1.279574409054281
1,/users,POST,1.251061024784246
2,/users,POST,1.2532680529175497
3,/users,POST,1.2329913511708779
4,/users,POST,1.2442428160403545
5,/users,POST,1.2443069314065323
6,/users,POST,1.2395686494670584
7,/users,POST,1.2398688970355003
8,/users,POST,1.2423617511237155
9,/users,POST,1.2412201848478688
10,/users,POST,1.2408022186870544
11,/users,POST,1.2412019406379808
12,/users,POST,1.241271442389935
13,/users,POST,1.2411968148837742
14,/users,POST,1.2411489455521156
15,/users,POST,1.241200029339802
16,/users,POST,1.241183435796523
17,/users,POST,1.2411786575510761
18,/users,POST,1.2411828276561934
19,/users,POST,1.2411845651999922
20,/users,POST,1.2411827407790035
21,/users,POST,1.2411828276561934
22,/users,POST,1.2411830014105731
23,/users,POST,1.2411827407790035
24,/users,POST,1.2411829145333833
25,/users,POST,1.2411830014105731
26,/users,POST,1.2411829145333833
27,/users,POST,1.2411828276561934
28,/users,POST,1.2411830014105731
29,/users,POST,1.2411830014105731
30,/users,POST,1.2411830014105731
31,/users,POST,1.2411830014105731
32,/users,POST,1.2411830014105731
33,/users,POST,1.2411830014105731
34,/users,POST,1.2411830014105731
35,/users,POST,1.2411830014105731
36,/users,POST,1.2411830014105731
37,/users,POST,1.2411829145333833
38,/users,POST,1.2411830014105731
39,/users,POST,1.2411830014105731
40,/users,POST,1.2411830014105731
41,/users,POST,1.2411830014105731
42,/users,POST,1.2411830014105731
43,/users,POST,1.2411830014105731
44,/users,POST,1.2411830014105731
45,/users,POST,1.2411830014105731
46,/users,POST,1.2411830014105731
47,/users,POST,1.2411830014105731
48,/users,POST,1.2411830014105731
49,/users,POST,1.2411830014105731
50,/users,POST,1.2411830014105731
51,/users,POST,1.2411830014105731
52,/users,POST,1.2411830014105731
53,/users,POST,1.2411830014105731
54,/users,POST,1.2411830014105731
55,/users,POST,1.2411830014105731
56,/users,POST,1.2411830014105731
57,/users,POST,1.2411830014105731
58,/users,POST,1.2411830014105731
59,/users,POST,1.2411830014105731
60,/users,POST,1.2411830014105731
61,/users,POST,1.2411830014105731
62,/users,POST,1.2411830014105731
63,/users,POST,1.2411830014105731
64,/users,POST,1.2411830014105731
65,/users,POST,1.2411829145333833
66,/users,POST,1.2411830014105731
67,/users,POST,1.2411830014105731
68,/users,POST,1.2411830014105731
69,/users,POST,1.2411829145333833
70,/users,POST,1.2411830014105731
71,/users,POST,1.2411830014105731
72,/users,POST,1.2411830014105731
73,/users,POST,1.2411830014105731
74,/users,POST,1.2411830014105731
75,/users,POST,1.2411830014105731
76,/users,POST,1.2411830014105731
77,/users,POST,1.2411830014105731
78,/users,POST,1.2411830014105731
79,/users,POST,1.2411830014105731
80,/users,POST,1.2411830014105731
81,/users,POST,1.2411830014105731
82,/users,POST,1.2411830014105731
83,/users,POST,1.2411830014105731
84,/users,POST,1.2411830014105731
85,/users,POST,1.2411830014105731
86,/users,POST,1.2411830014105731
87,/users,POST,1.2411830014105731
88,/users,POST,1.2411830014105731
89,/users,POST,1.2411830014105731
90,/users,POST,1.2411830014105731
91,/users,POST,1.2411830014105731
92,/users,POST,1.2411830014105731
93,/users,POST,1.2411830014105731
94,/users,POST,1.2411830014105731
95,/users,POST,1.2411830014105731
96,/users,POST,1.2411830014105731
97,/users,POST,1.2411829145333833
98,/users,POST,1.2411830014105731
99,/users,POST,1.2411830014105731
100,/users,POST,1.2411830014105731
101,/users,POST,1.2411829145333833
102,/users,POST,1.2411830014105731
103,/users,POST,1.2411830014105731
104,/users,POST,1.2411830014105731
105,/users,POST,1.2411830014105731
106,/users,POST,1.2411830014105731
107,/users,POST,1.2411830014105731
108,/users,POST,1.2411830014105731
109,/users,POST,1.2411830014105731
110,/users,POST,1.2411830014105731
111,/users,POST,1.2411830014105731
112,/users,POST,1.2411830014105731
113,/users,POST,1.2411830014105731
114,/users,POST,1.2411830014105731
115,/users,POST,1.2411830014105731
116,/users,POST,1.2411830014105731
117,/users,POST,1.2411830014105731
118,/users,POST,1.2411830014105731
119,/users,POST,1.2411830014105731
120,/users,POST,1.2411830014105731
121,/users,POST,1.2411830014105731
122,/users,POST,1.2411830014105731
123,/users,POST,1.2411830014105731
124,/users,POST,1.2411830014105731
125,/users,POST,1.2411830014105731
126,/users,POST,1.2411830014105731
127,/users,POST,1.2411830014105731
128,/users,POST,1.2411830014105731
129,/users,POST,1.2411829145333833
130,/users,POST,1.2411830014105731
131,/users,POST,1.2411830014105731
132,/users,POST,1.2411830014105731
133,/users,POST,1.2411829145333833
134,/users,POST,1.2411830014105731
135,/users,POST,1.2411830014105731
136,/users,POST,1.2411830014105731
137,/users,POST,1.2411830014105731
138,/users,POST,1.2411830014105731
139,/users,POST,1.2411830014105731
140,/users,POST,1.2411830014105731
141,/users,POST,1.2411830014105731
142,/users,POST,1.2411830014105731
143,/users,POST,1.2411830014105731
144,/users,POST,1.2411830014105731
145,/users,POST,1.2411830014105731
146,/users,POST,1.2411830014105731
147,/users,POST,1.2411830014105731
148,/users,POST,1.2411830014105731
149,/users,POST,1.2411830014105731
150,/users,POST,1.2411830014105731
151,/users,POST,1.2411830014105731
152,/users,POST,1.2411830014105731
153,/users,POST,1.2411830014105731
154,/users,POST,1.2411830014105731
155,/users,POST,1.2411830014105731
156,/users,POST,1.2411830014105731
157,/users,POST,1.2411830014105731
158,/users,POST,1.2411830014105731
159,/users,POST,1.2411830014105731
160,/users,POST,1.2411830014105731
161,/users,POST,1.2411829145333833
162,/users,POST,1.2411830014105731
163,/users,POST,1.2411830014105731
164,/users,POST,1.2411830014105731
165,/users,POST,1.2411829145333833
166,/users,POST,1.2411830014105731
167,/users,POST,1.2411830014105731
168,/users,POST,1.2411830014105731
169,/users,POST,1.2411830014105731
170,/users,POST,1.2411830014105731
171,/users,POST,1.2411830014105731
172,/users,POST,1.2411830014105731
173,/users,POST,1.2411830014105731
174,/users,POST,1.2411830014105731
175,/users,POST,1.2411830014105731
176,/users,POST,1.2411830014105731
177,/users,POST,1.2411830014105731
178,/users,POST,1.2411830014105731
179,/users,POST,1.2411830014105731
180,/users,POST,1.2411830014105731
1,/orders,GET,1.0864221426358291
2,/orders,GET,1.158755634419262
3,/orders,GET,1.1976356265549157
4,/orders,GET,1.2222638296855122
5,/orders,GET,1.207946455069935
6,/orders,GET,1.2100695652159381
7,/orders,GET,1.2018298801063463
8,/orders,GET,1.2066773018281163
9,/orders,GET,1.2062713340668259
10,/orders,GET,1.2060206393424624
11,/orders,GET,1.205618882679115
12,/orders,GET,1.2047997793302476
13,/orders,GET,1.2052455285274273
14,/orders,GET,1.2052108541677673
15,/orders,GET,1.2054492739896154
16,/orders,GET,1.2054025039230973
17,/orders,GET,1.205391483390182
18,/orders,GET,1.2053771477376094
19,/orders,GET,1.205359586563208
20,/orders,GET,1.205368098356923
21,/orders,GET,1.2053636184654941
22,/orders,GET,1.2053691735308658
23,/orders,GET,1.20536827755258
24,/orders,GET,1.2053689943352088
25,/orders,GET,1.205368725541723
26,/orders,GET,1.20536827755258
27,/orders,GET,1.205368546346066
28,/orders,GET,1.2053683671504087
29,/orders,GET,1.205368546346066
30,/orders,GET,1.2053683671504087
31,/orders,GET,1.2053684567482372
32,/orders,GET,1.2053683671504087
33,/orders,GET,1.2053683671504087
34,/orders,GET,1.2053683671504087
35,/orders,GET,1.2053684567482372
36,/orders,GET,1.2053683671504087
37,/orders,GET,1.2053683671504087
38,/orders,GET,1.2053684567482372
39,/orders,GET,1.2053683671504087
40,/orders,GET,1.2053683671504087
41,/orders,GET,1.2053683671504087
42,/orders,GET,1.2053683671504087
43,/orders,GET,1.2053684567482372
44,/orders,GET,1.2053683671504087
45,/orders,GET,1.2053683671504087
46,/orders,GET,1.2053683671504087
47,/orders,GET,1.2053684567482372
48,/orders,GET,1.2053683671504087
49,/orders,GET,1.2053683671504087
50,/orders,GET,1.2053683671504087
51,/orders,GET,1.2053683671504087
52,/orders,GET,1.2053683671504087
53,/orders,GET,1.2053683671504087
54,/orders,GET,1.2053683671504087
55,/orders,GET,1.2053683671504087
56,/orders,GET,1.2053683671504087
57,/orders,GET,1.2053683671504087
58,/orders,GET,1.2053683671504087
59,/orders,GET,1.2053683671504087
60,/orders,GET,1.2053684567482372
61,/orders,GET,1.2053683671504087
62,/orders,GET,1.2053683671504087
63,/orders,GET,1.2053683671504087
64,/orders,GET,1.2053683671504087
65,/orders,GET,1.2053683671504087
66,/orders,GET,1.2053683671504087
67,/orders,GET,1.2053683671504087
68,/orders,GET,1.2053684567482372
69,/orders,GET,1.205368546346066
70,/orders,GET,1.2053684567482372
71,/orders,GET,1.2053683671504087
72,/orders,GET,1.2053683671504087
73,/orders,GET,1.2053683671504087
74,/orders,GET,1.2053683671504087
75,/orders,GET,1.205368546346066
76,/orders,GET,1.2053683671504087
77,/orders,GET,1.205368546346066
78,/orders,GET,1.2053683671504087
79,/orders,GET,1.2053683671504087
80,/orders,GET,1.2053683671504087
81,/orders,GET,1.2053683671504087
82,/orders,GET,1.2053683671504087
83,/orders,GET,1.2053683671504087
84,/orders,GET,1.2053684567482372
85,/orders,GET,1.2053683671504087
86,/orders,GET,1.2053683671504087
87,/orders,GET,1.2053683671504087
88,/orders,GET,1.2053683671504087
89,/orders,GET,1.2053683671504087
90,/orders,GET,1.2053683671504087
91,/orders,GET,1.2053683671504087
92,/orders,GET,1.2053684567482372
93,/orders,GET,1.2053683671504087
94,/orders,GET,1.2053683671504087
95,/orders,GET,1.2053683671504087
96,/orders,GET,1.2053683671504087
97,/orders,GET,1.2053683671504087
98,/orders,GET,1.2053683671504087
99,/orders,GET,1.2053683671504087
100,/orders,GET,1.2053683671504087
101,/orders,GET,1.2053683671504087
102,/orders,GET,1.2053683671504087
103,/orders,GET,1.2053683671504087
104,/orders,GET,1.2053683671504087
105,/orders,GET,1.2053684567482372
106,/orders,GET,1.205368546346066
107,/orders,GET,1.2053683671504087
108,/orders,GET,1.2053684567482372
109,/orders,GET,1.2053684567482372
110,/orders,GET,1.2053683671504087
111,/orders,GET,1.2053683671504087
112,/orders,GET,1.2053683671504087
113,/orders,GET,1.2053683671504087
114,/orders,GET,1.2053683671504087
115,/orders,GET,1.2053683671504087
116,/orders,GET,1.2053683671504087
117,/orders,GET,1.2053683671504087
118,/orders,GET,1.2053683671504087
119,/orders,GET,1.2053683671504087
120,/orders,GET,1.2053683671504087
121,/orders,GET,1.2053683671504087
122,/orders,GET,1.205368546346066
123,/orders,GET,1.2053683671504087
124,/orders,GET,1.2053684567482372
125,/orders,GET,1.2053684567482372
126,/orders,GET,1.2053683671504087
127,/orders,GET,1.2053683671504087
128,/orders,GET,1.2053683671504087
129,/orders,GET,1.2053683671504087
130,/orders,GET,1.2053683671504087
131,/orders,GET,1.2053683671504087
132,/orders,GET,1.2053684567482372
133,/orders,GET,1.2053683671504087
134,/orders,GET,1.2053683671504087
135,/orders,GET,1.2053684567482372
136,/orders,GET,1.2053683671504087
137,/orders,GET,1.2053683671504087
138,/orders,GET,1.2053683671504087
139,/orders,GET,1.2053683671504087
140,/orders,GET,1.2053683671504087
141,/orders,GET,1.2053683671504087
142,/orders,GET,1.2053683671504087
143,/orders,GET,1.2053683671504087
144,/orders,GET,1.2053684567482372
145,/orders,GET,1.2053683671504087
146,/orders,GET,1.2053683671504087
147,/orders,GET,1.205368546346066
148,/orders,GET,1.2053683671504087
149,/orders,GET,1.2053684567482372
150,/orders,GET,1.2053684567482372
151,/orders,GET,1.2053683671504087
152,/orders,GET,1.2053683671504087
153,/orders,GET,1.2053683671504087
154,/orders,GET,1.2053683671504087
155,/orders,GET,1.2053683671504087
156,/orders,GET,1.2053683671504087
157,/orders,GET,1.2053683671504087
158,/orders,GET,1.205368546346066
159,/orders,GET,1.2053683671504087
160,/orders,GET,1.2053683671504087
161,/orders,GET,1.2053684567482372
162,/orders,GET,1.2053683671504087
163,/orders,GET,1.205368546346066
164,/orders,GET,1.2053683671504087
165,/orders,GET,1.2053683671504087
166,/orders,GET,1.2053683671504087
167,/orders,GET,1.2053683671504087
168,/orders,GET,1.2053683671504087
169,/orders,GET,1.2053683671504087
170,/orders,GET,1.205368546346066
171,/orders,GET,1.2053683671504087
172,/orders,GET,1.2053683671504087
173,/orders,GET,1.2053683671504087
174,/orders,GET,1.2053683671504087
175,/orders,GET,1.2053683671504087
176,/orders,GET,1.2053683671504087
177,/orders,GET,1.2053683671504087
178,/orders,GET,1.2053684567482372
179,/orders,GET,1.2053683671504087
180,/orders,GET,1.2053683671504087
1,/orders,PUT,1.2182055631675497
2,/orders,PUT,1.1971845614758716
3,/orders,PUT,1.2076298857529786
4,/orders,PUT,1.1941943887778763
5,/orders,PUT,1.1943778587863239
6,/orders,PUT,1.1891724054299513
7,/orders,PUT,1.187132916320781
8,/orders,PUT,1.1862772649569127
9,/orders,PUT,1.1855243242772415
10,/orders,PUT,1.184896316646159
11,/orders,PUT,1.184714020990301
12,/orders,PUT,1.1845638845284399
13,/orders,PUT,1.1846809584481583
14,/orders,PUT,1.1847041744955098
15,/orders,PUT,1.1847442831531911
16,/orders,PUT,1.1847449154968934
17,/orders,PUT,1.184767679870172
18,/orders,PUT,1.1847765326820026
19,/orders,PUT,1.184783398127912
20,/orders,PUT,1.184782946453839
21,/orders,PUT,1.1847850241545748
22,/orders,PUT,1.1847848434849455
23,/orders,PUT,1.1847851144893893
24,/orders,PUT,1.184784753150131
25,/orders,PUT,1.184784753150131
26,/orders,PUT,1.1847845724805017
27,/orders,PUT,1.1847844821456872
28,/orders,PUT,1.1847844821456872
29,/orders,PUT,1.1847844821456872
30,/orders,PUT,1.1847844821456872
31,/orders,PUT,1.1847844821456872
32,/orders,PUT,1.1847844821456872
33,/orders,PUT,1.1847844821456872
34,/orders,PUT,1.1847843918108725
35,/orders,PUT,1.1847843918108725
36,/orders,PUT,1.1847843918108725
37,/orders,PUT,1.1847843918108725
38,/orders,PUT,1.1847844821456872
39,/orders,PUT,1.1847843918108725
40,/orders,PUT,1.1847843918108725
41,/orders,PUT,1.1847843918108725
42,/orders,PUT,1.1847843918108725
43,/orders,PUT,1.1847843918108725
44,/orders,PUT,1.1847843918108725
45,/orders,PUT,1.1847844821456872
46,/orders,PUT,1.1847843918108725
47,/orders,PUT,1.1847844821456872
48,/orders,PUT,1.1847844821456872
49,/orders,PUT,1.1847844821456872
50,/orders,PUT,1.1847844821456872
51,/orders,PUT,1.1847844821456872
52,/orders,PUT,1.1847844821456872
53,/orders,PUT,1.1847843918108725
54,/orders,PUT,1.1847844821456872
55,/orders,PUT,1.1847843918108725
56,/orders,PUT,1.1847843918108725
57,/orders,PUT,1.1847843918108725
58,/orders,PUT,1.1847843918108725
59,/orders,PUT,1.1847844821456872
60,/orders,PUT,1.1847843918108725
61,/orders,PUT,1.1847843918108725
62,/orders,PUT,1.1847843918108725
63,/orders,PUT,1.1847844821456872
64,/orders,PUT,1.1847843918108725
65,/orders,PUT,1.1847843918108725
66,/orders,PUT,1.1847843918108725
67,/orders,PUT,1.1847843918108725
68,/orders,PUT,1.1847843918108725
69,/orders,PUT,1.1847843918108725
70,/orders,PUT,1.1847843918108725
71,/orders,PUT,1.1847843918108725
72,/orders,PUT,1.1847843918108725
73,/orders,PUT,1.1847844821456872
74,/orders,PUT,1.1847843918108725
75,/orders,PUT,1.1847843918108725
76,/orders,PUT,1.1847843918108725
77,/orders,PUT,1.1847843918108725
78,/orders,PUT,1.1847843918108725
79,/orders,PUT,1.1847844821456872
80,/orders,PUT,1.1847843918108725
81,/orders,PUT,1.1847844821456872
82,/orders,PUT,1.1847844821456872
83,/orders,PUT,1.1847843918108725
84,/orders,PUT,1.1847843918108725
85,/orders,PUT,1.1847843918108725
86,/orders,PUT,1.1847843918108725
87,/orders,PUT,1.1847843918108725
88,/orders,PUT,1.1847844821456872
89,/orders,PUT,1.1847843918108725
90,/orders,PUT,1.1847844821456872
91,/orders,PUT,1.1847843918108725
92,/orders,PUT,1.1847844821456872
93,/orders,PUT,1.1847844821456872
94,/orders,PUT,1.1847844821456872
95,/orders,PUT,1.1847843918108725
96,/orders,PUT,1.1847844821456872
97,/orders,PUT,1.1847843918108725
98,/orders,PUT,1.1847843918108725
99,/orders,PUT,1.1847844821456872
100,/orders,PUT,1.1847843918108725
101,/orders,PUT,1.1847844821456872
102,/orders,PUT,1.1847844821456872
103,/orders,PUT,1.1847843918108725
104,/orders,PUT,1.1847844821456872
105,/orders,PUT,1.1847843918108725
106,/orders,PUT,1.1847844821456872
107,/orders,PUT,1.1847843918108725
108,/orders,PUT,1.1847844821456872
109,/orders,PUT,1.1847844821456872
110,/orders,PUT,1.1847844821456872
111,/orders,PUT,1.1847844821456872
112,/orders,PUT,1.1847844821456872
113,/orders,PUT,1.1847843918108725
114,/orders,PUT,1.1847844821456872
115,/orders,PUT,1.1847844821456872
116,/orders,PUT,1.1847843918108725
117,/orders,PUT,1.1847843918108725
118,/orders,PUT,1.1847843918108725
119,/orders,PUT,1.1847843918108725
120,/orders,PUT,1.1847843918108725
121,/orders,PUT,1.1847843918108725
122,/orders,PUT,1.184784301476058
123,/orders,PUT,1.1847843918108725
124,/orders,PUT,1.1847843918108725
125,/orders,PUT,1.1847844821456872
126,/orders,PUT,1.1847843918108725
127,/orders,PUT,1.1847843918108725
128,/orders,PUT,1.1847843918108725
129,/orders,PUT,1.1847844821456872
130,/orders,PUT,1.1847843918108725
131,/orders,PUT,1.1847843918108725
132,/orders,PUT,1.1847843918108725
133,/orders,PUT,1.1847844821456872
134,/orders,PUT,1.1847843918108725
135,/orders,PUT,1.1847844821456872
136,/orders,PUT,1.1847843918108725
137,/orders,PUT,1.1847844821456872
138,/orders,PUT,1.1847843918108725
139,/orders,PUT,1.1847844821456872
140,/orders,PUT,1.1847843918108725
141,/orders,PUT,1.1847844821456872
142,/orders,PUT,1.1847844821456872
143,/orders,PUT,1.1847843918108725
144,/orders,PUT,1.1847843918108725
145,/orders,PUT,1.1847843918108725
146,/orders,PUT,1.1847844821456872
147,/orders,PUT,1.1847843918108725
148,/orders,PUT,1.1847843918108725
149,/orders,PUT,1.1847843918108725
150,/orders,PUT,1.1847843918108725
151,/orders,PUT,1.1847843918108725
152,/orders,PUT,1.1847843918108725
153,/orders,PUT,1.1847844821456872
154,/orders,PUT,1.1847843918108725
155,/orders,PUT,1.1847844821456872
156,/orders,PUT,1.1847844821456872
157,/orders,PUT,1.1847843918108725
158,/orders,PUT,1.1847843918108725
159,/orders,PUT,1.1847843918108725
160,/orders,PUT,1.1847844821456872
161,/orders,PUT,1.1847843918108725
162,/orders,PUT,1.1847844821456872
163,/orders,PUT,1.1847844821456872
164,/orders,PUT,1.1847843918108725
165,/orders,PUT,1.1847844821456872
166,/orders,PUT,1.1847844821456872
167,/orders,PUT,1.1847843918108725
168,/orders,PUT,1.1847843918108725
169,/orders,PUT,1.1847844821456872
170,/orders,PUT,1.1847844821456872
171,/orders,PUT,1.1847843918108725
172,/orders,PUT,1.1847844821456872
173,/orders,PUT,1.1847844821456872
174,/orders,PUT,1.1847843918108725
175,/orders,PUT,1.1847843918108725
176,/orders,PUT,1.1847843918108725
177,/orders,PUT,1.1847844821456872
178,/orders,PUT,1.1847843918108725
179,/orders,PUT,1.1847843918108725
180,/orders,PUT,1.1847844821456872
1,/orders,POST,1.2077535624523066
2,/orders,POST,1.2764373967001106
3,/orders,POST,1.2642714741896588
4,/orders,POST,1.2505883813405418
5,/orders,POST,1.2559368950648082
6,/orders,POST,1.2610899123439296
7,/orders,POST,1.2594128071189439
8,/orders,POST,1.2584908783128335
9,/orders,POST,1.2601115088342971
10,/orders,POST,1.2614058205957686
11,/orders,POST,1.2607357708099345
12,/orders,POST,1.2605539093666187
13,/orders,POST,1.26059278754751
14,/orders,POST,1.2607191876996018
15,/orders,POST,1.2607166081046612
16,/orders,POST,1.2606694383686035
17,/orders,POST,1.2606351666072493
18,/orders,POST,1.2606732156326237
19,/orders,POST,1.2606745975584848
20,/orders,POST,1.2606714651931998
21,/orders,POST,1.2606659374897555
22,/orders,POST,1.2606677800575703
23,/orders,POST,1.2606709124228554
24,/orders,POST,1.2606697147537758
25,/orders,POST,1.2606690698550407
26,/orders,POST,1.260669254111822
27,/orders,POST,1.2606695304969944
28,/orders,POST,1.260669622625385
29,/orders,POST,1.2606694383686035
30,/orders,POST,1.2606694383686035
31,/orders,POST,1.2606694383686035
32,/orders,POST,1.2606694383686035
33,/orders,POST,1.2606694383686035
34,/orders,POST,1.2606694383686035
35,/orders,POST,1.2606694383686035
36,/orders,POST,1.2606694383686035
37,/orders,POST,1.2606694383686035
38,/orders,POST,1.2606695304969944
39,/orders,POST,1.2606694383686035
40,/orders,POST,1.2606694383686035
41,/orders,POST,1.2606694383686035
42,/orders,POST,1.2606694383686035
43,/orders,POST,1.2606694383686035
44,/orders,POST,1.2606694383686035
45,/orders,POST,1.2606694383686035
46,/orders,POST,1.2606694383686035
47,/orders,POST,1.2606694383686035
48,/orders,POST,1.2606694383686035
49,/orders,POST,1.2606694383686035
50,/orders,POST,1.2606694383686035
51,/orders,POST,1.2606694383686035
52,/orders,POST,1.2606694383686035
53,/orders,POST,1.2606694383686035
54,/orders,POST,1.2606694383686035
55,/orders,POST,1.2606694383686035
56,/orders,POST,1.2606694383686035
57,/orders,POST,1.2606694383686035
58,/orders,POST,1.2606694383686035
59,/orders,POST,1.2606694383686035
60,/orders,POST,1.2606694383686035
61,/orders,POST,1.2606694383686035
62,/orders,POST,1.2606694383686035
63,/orders,POST,1.2606694383686035
64,/orders,POST,1.2606694383686035
65,/orders,POST,1.2606694383686035
66,/orders,POST,1.2606695304969944
67,/orders,POST,1.2606695304969944
68,/orders,POST,1.2606694383686035
69,/orders,POST,1.2606695304969944
70,/orders,POST,1.2606694383686035
71,/orders,POST,1.2606694383686035
72,/orders,POST,1.2606694383686035
73,/orders,POST,1.2606694383686035
74,/orders,POST,1.2606694383686035
75,/orders,POST,1.2606694383686035
76,/orders,POST,1.2606694383686035
77,/orders,POST,1.2606694383686035
78,/orders,POST,1.2606694383686035
79,/orders,POST,1.2606694383686035
80,/orders,POST,1.2606694383686035
81,/orders,POST,1.2606694383686035
82,/orders,POST,1.2606695304969944
83,/orders,POST,1.2606695304969944
84,/orders,POST,1.2606694383686035
85,/orders,POST,1.2606694383686035
86,/orders,POST,1.2606694383686035
87,/orders,POST,1.2606694383686035
88,/orders,POST,1.2606694383686035
89,/orders,POST,1.2606694383686035
90,/orders,POST,1.2606694383686035
91,/orders,POST,1.2606694383686035
92,/orders,POST,1.2606694383686035
93,/orders,POST,1.2606694383686035
94,/orders,POST,1.2606694383686035
95,/orders,POST,1.2606694383686035
96,/orders,POST,1.2606694383686035
97,/orders,POST,1.2606694383686035
98,/orders,POST,1.2606694383686035
99,/orders,POST,1.2606694383686035
100,/orders,POST,1.2606695304969944
101,/orders,POST,1.2606694383686035
102,/orders,POST,1.2606694383686035
103,/orders,POST,1.2606694383686035
104,/orders,POST,1.2606694383686035
105,/orders,POST,1.2606694383686035
106,/orders,POST,1.2606694383686035
107,/orders,POST,1.2606694383686035
108,/orders,POST,1.2606694383686035
109,/orders,POST,1.2606694383686035
110,/orders,POST,1.2606694383686035
111,/orders,POST,1.2606694383686035
112,/orders,POST,1.2606694383686035
113,/orders,POST,1.2606694383686035
114,/orders,POST,1.2606694383686035
115,/orders,POST,1.2606694383686035
116,/orders,POST,1.2606695304969944
117,/orders,POST,1.2606694383686035
118,/orders,POST,1.2606694383686035
119,/orders,POST,1.2606694383686035
120,/orders,POST,1.2606694383686035
121,/orders,POST,1.2606694383686035
122,/orders,POST,1.2606694383686035
123,/orders,POST,1.2606694383686035
124,/orders,POST,1.2606694383686035
125,/orders,POST,1.2606695304969944
126,/orders,POST,1.2606695304969944
127,/orders,POST,1.2606694383686035
128,/orders,POST,1.2606694383686035
129,/orders,POST,1.2606694383686035
130,/orders,POST,1.2606694383686035
131,/orders,POST,1.2606694383686035
132,/orders,POST,1.2606695304969944
133,/orders,POST,1.2606694383686035
134,/orders,POST,1.2606694383686035
135,/orders,POST,1.2606694383686035
136,/orders,POST,1.2606694383686035
137,/orders,POST,1.2606695304969944
138,/orders,POST,1.2606694383686035
139,/orders,POST,1.2606694383686035
140,/orders,POST,1.2606694383686035
141,/orders,POST,1.2606694383686035
142,/orders,POST,1.2606694383686035
143,/orders,POST,1.2606694383686035
144,/orders,POST,1.2606694383686035
145,/orders,POST,1.2606695304969944
146,/orders,POST,1.2606694383686035
147,/orders,POST,1.2606694383686035
148,/orders,POST,1.2606695304969944
149,/orders,POST,1.2606694383686035
150,/orders,POST,1.2606694383686035
151,/orders,POST,1.2606694383686035
152,/orders,POST,1.2606694383686035
153,/orders,POST,1.2606694383686035
154,/orders,POST,1.2606694383686035
155,/orders,POST,1.2606694383686035
156,/orders,POST,1.2606694383686035
157,/orders,POST,1.2606694383686035
158,/orders,POST,1.2606694383686035
159,/orders,POST,1.2606694383686035
160,/orders,POST,1.2606694383686035
161,/orders,POST,1.2606694383686035
162,/orders,POST,1.2606694383686035
163,/orders,POST,1.2606695304969944
164,/orders,POST,1.2606694383686035
165,/orders,POST,1.2606694383686035
166,/orders,POST,1.2606694383686035
167,/orders,POST,1.2606694383686035
168,/orders,POST,1.2606694383686035
169,/orders,POST,1.2606694383686035
170,/orders,POST,1.2606694383686035
171,/orders,POST,1.2606694383686035
172,/orders,POST,1.2606694383686035
173,/orders,POST,1.2606694383686035
174,/orders,POST,1.2606694383686035
175,/orders,POST,1.2606694383686035
176,/orders,POST,1.2606694383686035
177,/orders,POST,1.2606694383686035
178,/orders,POST,1.2606694383686035
179,/orders,POST,1.2606695304969944
180,/orders,POST,1.2606694383686035
1,/inventory,GET,1.056181389065064
2,/inventory,GET,1.061982170010324
3,/inventory,GET,1.0994950090355553
4,/inventory,GET,1.0912161651492018
5,/inventory,GET,1.0549611717166725
6,/inventory,GET,1.0516254008526373
7,/inventory,GET,1.0701267944893404
8,/inventory,GET,1.0735668081928766
9,/inventory,GET,1.0668569180627103
10,/inventory,GET,1.0664433674541887
11,/inventory,GET,1.0688996456222604
12,/inventory,GET,1.0692372195843753
13,/inventory,GET,1.0683300008136567
14,/inventory,GET,1.0682979537921866
15,/inventory,GET,1.0685102202995644
16,/inventory,GET,1.0685519894511435
17,/inventory,GET,1.0684689912663248
18,/inventory,GET,1.0684668307929672
19,/inventory,GET,1.0684801537120054
20,/inventory,GET,1.0684765529230762
21,/inventory,GET,1.0684773631005853
22,/inventory,GET,1.0684805137908984
23,/inventory,GET,1.0684774531203085
24,/inventory,GET,1.0684769130019691
25,/inventory,GET,1.0684785333569873
26,/inventory,GET,1.0684788934358802
27,/inventory,GET,1.0684778131992014
28,/inventory,GET,1.0684778131992014
29,/inventory,GET,1.0684782632978176
30,/inventory,GET,1.0684783533175408
31,/inventory,GET,1.0684781732780944
32,/inventory,GET,1.0684781732780944
33,/inventory,GET,1.0684781732780944
34,/inventory,GET,1.0684781732780944
35,/inventory,GET,1.0684781732780944
36,/inventory,GET,1.0684781732780944
37,/inventory,GET,1.0684781732780944
38,/inventory,GET,1.0684781732780944
39,/inventory,GET,1.0684781732780944
40,/inventory,GET,1.0684781732780944
41,/inventory,GET,1.0684781732780944
42,/inventory,GET,1.0684781732780944
43,/inventory,GET,1.0684781732780944
44,/inventory,GET,1.0684781732780944
45,/inventory,GET,1.0684781732780944
46,/inventory,GET,1.0684781732780944
47,/inventory,GET,1.0684781732780944
48,/inventory,GET,1.0684781732780944
49,/inventory,GET,1.0684781732780944
50,/inventory,GET,1.0684781732780944
51,/inventory,GET,1.0684781732780944
52,/inventory,GET,1.0684781732780944
53,/inventory,GET,1.0684781732780944
54,/inventory,GET,1.0684781732780944
55,/inventory,GET,1.0684781732780944
56,/inventory,GET,1.0684781732780944
57,/inventory,GET,1.0684781732780944
58,/inventory,GET,1.0684781732780944
59,/inventory,GET,1.0684781732780944
60,/inventory,GET,1.0684781732780944
61,/inventory,GET,1.0684781732780944
62,/inventory,GET,1.0684781732780944
63,/inventory,GET,1.0684781732780944
64,/inventory,GET,1.0684781732780944
65,/inventory,GET,1.0684781732780944
66,/inventory,GET,1.0684781732780944
67,/inventory,GET,1.0684781732780944
68,/inventory,GET,1.0684781732780944
69,/inventory,GET,1.0684781732780944
70,/inventory,GET,1.0684781732780944
71,/inventory,GET,1.0684781732780944
72,/inventory,GET,1.0684781732780944
73,/inventory,GET,1.0684781732780944
74,/inventory,GET,1.0684781732780944
75,/inventory,GET,1.0684781732780944
76,/inventory,GET,1.0684781732780944
77,/inventory,GET,1.0684781732780944
78,/inventory,GET,1.0684781732780944
79,/inventory,GET,1.0684781732780944
80,/inventory,GET,1.0684781732780944
81,/inventory,GET,1.0684781732780944
82,/inventory,GET,1.0684781732780944
83,/inventory,GET,1.0684781732780944
84,/inventory,GET,1.0684781732780944
85,/inventory,GET,1.0684781732780944
86,/inventory,GET,1.0684781732780944
87,/inventory,GET,1.0684781732780944
88,/inventory,GET,1.0684781732780944
89,/inventory,GET,1.0684781732780944
90,/inventory,GET,1.0684781732780944
91,/inventory,GET,1.0684781732780944
92,/inventory,GET,1.0684781732780944
93,/inventory,GET,1.0684781732780944
94,/inventory,GET,1.0684781732780944
95,/inventory,GET,1.0684781732780944
96,/inventory,GET,1.0684781732780944
97,/inventory,GET,1.0684781732780944
98,/inventory,GET,1.0684781732780944
99,/inventory,GET,1.0684781732780944
100,/inventory,GET,1.0684781732780944
101,/inventory,GET,1.0684781732780944
102,/inventory,GET,1.0684781732780944
103,/inventory,GET,1.0684781732780944
104,/inventory,GET,1.0684781732780944
105,/inventory,GET,1.0684781732780944
106,/inventory,GET,1.0684781732780944
107,/inventory,GET,1.0684781732780944
108,/inventory,GET,1.0684781732780944
109,/inventory,GET,1.0684781732780944
110,/inventory,GET,1.0684781732780944
111,/inventory,GET,1.0684781732780944
112,/inventory,GET,1.0684781732780944
113,/inventory,GET,1.0684781732780944
114,/inventory,GET,1.0684781732780944
115,/inventory,GET,1.0684781732780944
116,/inventory,GET,1.0684781732780944
117,/inventory,GET,1.0684781732780944
118,/inventory,GET,1.0684781732780944
119,/inventory,GET,1.0684781732780944
120,/inventory,GET,1.0684781732780944
121,/inventory,GET,1.0684781732780944
122,/inventory,GET,1.0684781732780944
123,/inventory,GET,1.0684781732780944
124,/inventory,GET,1.0684781732780944
125,/inventory,GET,1.0684781732780944
126,/inventory,GET,1.0684781732780944
127,/inventory,GET,1.0684781732780944
128,/inventory,GET,1.0684781732780944
129,/inventory,GET,1.0684781732780944
130,/inventory,GET,1.0684781732780944
131,/inventory,GET,1.0684781732780944
132,/inventory,GET,1.0684781732780944
133,/inventory,GET,1.0684781732780944
134,/inventory,GET,1.0684781732780944
135,/inventory,GET,1.0684781732780944
136,/inventory,GET,1.0684781732780944
137,/inventory,GET,1.0684781732780944
138,/inventory,GET,1.0684781732780944
139,/inventory,GET,1.0684781732780944
140,/inventory,GET,1.0684781732780944
141,/inventory,GET,1.0684781732780944
142,/inventory,GET,1.0684781732780944
143,/inventory,GET,1.0684781732780944
144,/inventory,GET,1.0684781732780944
145,/inventory,GET,1.0684781732780944
146,/inventory,GET,1.0684781732780944
147,/inventory,GET,1.0684781732780944
148,/inventory,GET,1.0684781732780944
149,/inventory,GET,1.0684781732780944
150,/inventory,GET,1.0684781732780944
151,/inventory,GET,1.0684781732780944
152,/inventory,GET,1.0684781732780944
153,/inventory,GET,1.0684781732780944
154,/inventory,GET,1.0684781732780944
155,/inventory,GET,1.0684781732780944
156,/inventory,GET,1.0684781732780944
157,/inventory,GET,1.0684781732780944
158,/inventory,GET,1.0684781732780944
159,/inventory,GET,1.0684781732780944
160,/inventory,GET,1.0684781732780944
161,/inventory,GET,1.0684781732780944
162,/inventory,GET,1.0684781732780944
163,/inventory,GET,1.0684781732780944
164,/inventory,GET,1.0684781732780944
165,/inventory,GET,1.0684781732780944
166,/inventory,GET,1.0684781732780944
167,/inventory,GET,1.0684781732780944
168,/inventory,GET,1.0684781732780944
169,/inventory,GET,1.0684781732780944
170,/inventory,GET,1.0684781732780944
171,/inventory,GET,1.0684781732780944
172,/inventory,GET,1.0684781732780944
173,/inventory,GET,1.0684781732780944
174,/inventory,GET,1.0684781732780944
175,/inventory,GET,1.0684781732780944
176,/inventory,GET,1.0684781732780944
177,/inventory,GET,1.0684781732780944
178,/inventory,GET,1.0684781732780944
179,/inventory,GET,1.0684781732780944
180,/inventory,GET,1.0684781732780944
1,/inventory,PUT,1.098023515073526
2,/inventory,PUT,1.1608716266901156
3,/inventory,PUT,1.1532029510908108
4,/inventory,PUT,1.145662365406445
5,/inventory,PUT,1.1528618957038872
6,/inventory,PUT,1.155275230299544
7,/inventory,PUT,1.1570508561888715
8,/inventory,PUT,1.1594813668929507
9,/inventory,PUT,1.159934797882852
10,/inventory,PUT,1.1600865506280116
11,/inventory,PUT,1.1600431535455606
12,/inventory,PUT,1.1598124637914804
13,/inventory,PUT,1.1596874801940222
14,/inventory,PUT,1.1598343907384028
15,/inventory,PUT,1.1598797977909883
16,/inventory,PUT,1.1598526631941717
17,/inventory,PUT,1.159868742955248
18,/inventory,PUT,1.159859424002806
19,/inventory,PUT,1.1598509273108735
20,/inventory,PUT,1.1598540336283543
21,/inventory,PUT,1.159855860873931
22,/inventory,PUT,1.1598554954248157
23,/inventory,PUT,1.15985595223621
24,/inventory,PUT,1.1598562263230465
25,/inventory,PUT,1.1598556781493734
26,/inventory,PUT,1.1598554954248157
27,/inventory,PUT,1.159855860873931
28,/inventory,PUT,1.1598556781493734
29,/inventory,PUT,1.1598556781493734
30,/inventory,PUT,1.1598557695116523
31,/inventory,PUT,1.1598556781493734
32,/inventory,PUT,1.1598556781493734
33,/inventory,PUT,1.1598557695116523
34,/inventory,PUT,1.1598556781493734
35,/inventory,PUT,1.1598557695116523
36,/inventory,PUT,1.1598557695116523
37,/inventory,PUT,1.1598556781493734
38,/inventory,PUT,1.1598556781493734
39,/inventory,PUT,1.1598557695116523
40,/inventory,PUT,1.1598556781493734
41,/inventory,PUT,1.1598556781493734
42,/inventory,PUT,1.1598556781493734
43,/inventory,PUT,1.1598557695116523
44,/inventory,PUT,1.1598556781493734
45,/inventory,PUT,1.1598556781493734
46,/inventory,PUT,1.1598556781493734
47,/inventory,PUT,1.1598557695116523
48,/inventory,PUT,1.1598557695116523
49,/inventory,PUT,1.1598556781493734
50,/inventory,PUT,1.1598556781493734
51,/inventory,PUT,1.1598556781493734
52,/inventory,PUT,1.1598556781493734
53,/inventory,PUT,1.1598556781493734
54,/inventory,PUT,1.1598556781493734
55,/inventory,PUT,1.1598556781493734
56,/inventory,PUT,1.1598556781493734
57,/inventory,PUT,1.1598556781493734
58,/inventory,PUT,1.1598557695116523
59,/inventory,PUT,1.1598557695116523
60,/inventory,PUT,1.1598557695116523
61,/inventory,PUT,1.1598556781493734
62,/inventory,PUT,1.1598556781493734
63,/inventory,PUT,1.1598556781493734
64,/inventory,PUT,1.1598556781493734
65,/inventory,PUT,1.1598556781493734
66,/inventory,PUT,1.1598556781493734
67,/inventory,PUT,1.1598556781493734
68,/inventory,PUT,1.1598556781493734
69,/inventory,PUT,1.1598556781493734
70,/inventory,PUT,1.1598556781493734
71,/inventory,PUT,1.1598556781493734
72,/inventory,PUT,1.1598556781493734
73,/inventory,PUT,1.1598556781493734
74,/inventory,PUT,1.1598556781493734
75,/inventory,PUT,1.1598557695116523
76,/inventory,PUT,1.1598556781493734
77,/inventory,PUT,1.1598556781493734
78,/inventory,PUT,1.1598556781493734
79,/inventory,PUT,1.1598556781493734
80,/inventory,PUT,1.1598556781493734
81,/inventory,PUT,1.1598556781493734
82,/inventory,PUT,1.1598557695116523
83,/inventory,PUT,1.1598556781493734
84,/inventory,PUT,1.1598556781493734
85,/inventory,PUT,1.1598556781493734
86,/inventory,PUT,1.1598556781493734
87,/inventory,PUT,1.1598556781493734
88,/inventory,PUT,1.1598557695116523
89,/inventory,PUT,1.1598556781493734
90,/inventory,PUT,1.1598557695116523
91,/inventory,PUT,1.1598556781493734
92,/inventory,PUT,1.1598557695116523
93,/inventory,PUT,1.1598556781493734
94,/inventory,PUT,1.1598557695116523
95,/inventory,PUT,1.1598556781493734
96,/inventory,PUT,1.1598557695116523
97,/inventory,PUT,1.1598556781493734
98,/inventory,PUT,1.1598556781493734
99,/inventory,PUT,1.1598557695116523
100,/inventory,PUT,1.1598556781493734
101,/inventory,PUT,1.1598556781493734
102,/inventory,PUT,1.1598556781493734
103,/inventory,PUT,1.1598556781493734
104,/inventory,PUT,1.1598556781493734
105,/inventory,PUT,1.1598556781493734
106,/inventory,PUT,1.1598556781493734
107,/inventory,PUT,1.1598556781493734
108,/inventory,PUT,1.1598557695116523
109,/inventory,PUT,1.1598556781493734
110,/inventory,PUT,1.1598556781493734
111,/inventory,PUT,1.1598556781493734
112,/inventory,PUT,1.1598557695116523
113,/inventory,PUT,1.1598556781493734
114,/inventory,PUT,1.1598557695116523
115,/inventory,PUT,1.1598556781493734
116,/inventory,PUT,1.1598556781493734
117,/inventory,PUT,1.1598557695116523
118,/inventory,PUT,1.1598556781493734
119,/inventory,PUT,1.1598556781493734
120,/inventory,PUT,1.1598556781493734
121,/inventory,PUT,1.1598556781493734
122,/inventory,PUT,1.1598557695116523
123,/inventory,PUT,1.1598556781493734
124,/inventory,PUT,1.1598556781493734
125,/inventory,PUT,1.1598556781493734
126,/inventory,PUT,1.1598556781493734
127,/inventory,PUT,1.1598556781493734
128,/inventory,PUT,1.1598556781493734
129,/inventory,PUT,1.1598556781493734
130,/inventory,PUT,1.1598557695116523
131,/inventory,PUT,1.1598556781493734
132,/inventory,PUT,1.1598556781493734
133,/inventory,PUT,1.1598556781493734
134,/inventory,PUT,1.1598556781493734
135,/inventory,PUT,1.1598556781493734
136,/inventory,PUT,1.1598556781493734
137,/inventory,PUT,1.1598556781493734
138,/inventory,PUT,1.1598557695116523
139,/inventory,PUT,1.1598556781493734
140,/inventory,PUT,1.1598557695116523
141,/inventory,PUT,1.1598556781493734
142,/inventory,PUT,1.1598556781493734
143,/inventory,PUT,1.1598556781493734
144,/inventory,PUT,1.1598557695116523
145,/inventory,PUT,1.1598556781493734
146,/inventory,PUT,1.1598557695116523
147,/inventory,PUT,1.1598556781493734
148,/inventory,PUT,1.1598557695116523
149,/inventory,PUT,1.1598557695116523
150,/inventory,PUT,1.1598557695116523
151,/inventory,PUT,1.1598556781493734
152,/inventory,PUT,1.1598557695116523
153,/inventory,PUT,1.1598556781493734
154,/inventory,PUT,1.1598556781493734
155,/inventory,PUT,1.1598556781493734
156,/inventory,PUT,1.1598556781493734
157,/inventory,PUT,1.1598556781493734
158,/inventory,PUT,1.1598556781493734
159,/inventory,PUT,1.1598556781493734
160,/inventory,PUT,1.1598556781493734
161,/inventory,PUT,1.1598556781493734
162,/inventory,PUT,1.1598556781493734
163,/inventory,PUT,1.1598556781493734
164,/inventory,PUT,1.1598556781493734
165,/inventory,PUT,1.1598556781493734
166,/inventory,PUT,1.1598556781493734
167,/inventory,PUT,1.1598557695116523
168,/inventory,PUT,1.1598556781493734
169,/inventory,PUT,1.1598556781493734
170,/inventory,PUT,1.1598556781493734
171,/inventory,PUT,1.1598556781493734
172,/inventory,PUT,1.1598556781493734
173,/inventory,PUT,1.1598556781493734
174,/inventory,PUT,1.1598556781493734
175,/inventory,PUT,1.1598556781493734
176,/inventory,PUT,1.1598556781493734
177,/inventory,PUT,1.1598556781493734
178,/inventory,PUT,1.1598556781493734
179,/inventory,PUT,1.1598556781493734
180,/inventory,PUT,1.1598557695116523
1,/inventory,POST,1.2575190950678596
2,/inventory,POST,1.2499318971877185
3,/inventory,POST,1.162434042923036
4,/inventory,POST,1.209653984515966
5,/inventory,POST,1.1907535741767914
6,/inventory,POST,1.2262030052223927
7,/inventory,POST,1.190872176766172
8,/inventory,POST,1.2241029292882482
9,/inventory,POST,1.2020415733455267
10,/inventory,POST,1.2154534963980748
11,/inventory,POST,1.2042249350580927
12,/inventory,POST,1.2145617469213579
13,/inventory,POST,1.2059602829986469
14,/inventory,POST,1.2122997415885117
15,/inventory,POST,1.2075137675673033
16,/inventory,POST,1.211502018569838
17,/inventory,POST,1.2081420973251658
18,/inventory,POST,1.21082389939034
19,/inventory,POST,1.2087546801544304
20,/inventory,POST,1.2104000066361222
21,/inventory,POST,1.2090554191838345
22,/inventory,POST,1.2101451430518815
23,/inventory,POST,1.2092795170925492
24,/inventory,POST,1.2099645539979051
25,/inventory,POST,1.209414776837614
26,/inventory,POST,1.2098585125423191
27,/inventory,POST,1.20950252272876
28,/inventory,POST,1.209786786647897
29,/inventory,POST,1.20956014010334
30,/inventory,POST,1.2097417304071116
31,/inventory,POST,1.2095958210051339
32,/inventory,POST,1.2097127851857585
33,/inventory,POST,1.2096192138412587
34,/inventory,POST,1.2096938524623577
35,/inventory,POST,1.2096341415654785
36,/inventory,POST,1.209682110532941
37,/inventory,POST,1.2096436989498875
38,/inventory,POST,1.2096744646254138
39,/inventory,POST,1.2096497974713676
40,/inventory,POST,1.2096695493991463
41,/inventory,POST,1.2096536204251311
42,/inventory,POST,1.2096663636043432
43,/inventory,POST,1.209656351106391
44,/inventory,POST,1.2096643611047528
45,/inventory,POST,1.2096578074697295
46,/inventory,POST,1.2096630867868317
47,/inventory,POST,1.209658990764942
48,/inventory,POST,1.209662176559745
49,/inventory,POST,1.2096596279239027
50,/inventory,POST,1.2096617214462018
51,/inventory,POST,1.2096599920147373
52,/inventory,POST,1.2096613573553672
53,/inventory,POST,1.2096601740601545
54,/inventory,POST,1.209661084287241
55,/inventory,POST,1.2096604471282806
56,/inventory,POST,1.2096609932645326
57,/inventory,POST,1.2096605381509893
58,/inventory,POST,1.2096609022418239
59,/inventory,POST,1.2096606291736978
60,/inventory,POST,1.2096608112191152
61,/inventory,POST,1.2096606291736978
62,/inventory,POST,1.2096607201964065
63,/inventory,POST,1.2096606291736978
64,/inventory,POST,1.2096607201964065
65,/inventory,POST,1.2096607201964065
66,/inventory,POST,1.2096607201964065
67,/inventory,POST,1.2096607201964065
68,/inventory,POST,1.2096607201964065
69,/inventory,POST,1.2096607201964065
70,/inventory,POST,1.2096607201964065
71,/inventory,POST,1.2096607201964065
72,/inventory,POST,1.2096607201964065
73,/inventory,POST,1.2096607201964065
74,/inventory,POST,1.2096607201964065
75,/inventory,POST,1.2096607201964065
76,/inventory,POST,1.2096607201964065
77,/inventory,POST,1.2096607201964065
78,/inventory,POST,1.2096607201964065
79,/inventory,POST,1.2096607201964065
80,/inventory,POST,1.2096607201964065
81,/inventory,POST,1.2096607201964065
82,/inventory,POST,1.2096607201964065
83,/inventory,POST,1.2096607201964065
84,/inventory,POST,1.2096607201964065
85,/inventory,POST,1.2096607201964065
86,/inventory,POST,1.2096607201964065
87,/inventory,POST,1.2096607201964065
88,/inventory,POST,1.2096607201964065
89,/inventory,POST,1.2096607201964065
90,/inventory,POST,1.2096607201964065
91,/inventory,POST,1.2096607201964065
92,/inventory,POST,1.2096607201964065
93,/inventory,POST,1.2096607201964065
94,/inventory,POST,1.2096607201964065
95,/inventory,POST,1.2096607201964065
96,/inventory,POST,1.2096607201964065
97,/inventory,POST,1.2096607201964065
98,/inventory,POST,1.2096607201964065
99,/inventory,POST,1.2096607201964065
100,/inventory,POST,1.2096607201964065
101,/inventory,POST,1.2096607201964065
102,/inventory,POST,1.2096607201964065
103,/inventory,POST,1.2096607201964065
104,/inventory,POST,1.2096607201964065
105,/inventory,POST,1.2096607201964065
106,/inventory,POST,1.2096607201964065
107,/inventory,POST,1.2096607201964065
108,/inventory,POST,1.2096607201964065
109,/inventory,POST,1.2096607201964065
110,/inventory,POST,1.2096607201964065
111,/inventory,POST,1.2096607201964065
112,/inventory,POST,1.2096607201964065
113,/inventory,POST,1.2096607201964065
114,/inventory,POST,1.2096607201964065
115,/inventory,POST,1.2096607201964065
116,/inventory,POST,1.2096607201964065
117,/inventory,POST,1.2096607201964065
118,/inventory,POST,1.2096607201964065
119,/inventory,POST,1.2096607201964065
120,/inventory,POST,1.2096607201964065
121,/inventory,POST,1.2096607201964065
122,/inventory,POST,1.2096607201964065
123,/inventory,POST,1.2096607201964065
124,/inventory,POST,1.2096607201964065
125,/inventory,POST,1.2096607201964065
126,/inventory,POST,1.2096607201964065
127,/inventory,POST,1.2096607201964065
128,/inventory,POST,1.2096607201964065
129,/inventory,POST,1.2096607201964065
130,/inventory,POST,1.2096607201964065
131,/inventory,POST,1.2096607201964065
132,/inventory,POST,1.2096607201964065
133,/inventory,POST,1.2096607201964065
134,/inventory,POST,1.2096607201964065
135,/inventory,POST,1.2096607201964065
136,/inventory,POST,1.2096607201964065
137,/inventory,POST,1.2096607201964065
138,/inventory,POST,1.2096607201964065
139,/inventory,POST,1.2096607201964065
140,/inventory,POST,1.2096607201964065
141,/inventory,POST,1.2096607201964065
142,/inventory,POST,1.2096607201964065
143,/inventory,POST,1.2096607201964065
144,/inventory,POST,1.2096607201964065
145,/inventory,POST,1.2096607201964065
146,/inventory,POST,1.2096607201964065
147,/inventory,POST,1.2096607201964065
148,/inventory,POST,1.2096607201964065
149,/inventory,POST,1.2096607201964065
150,/inventory,POST,1.2096607201964065
151,/inventory,POST,1.2096607201964065
152,/inventory,POST,1.2096607201964065
153,/inventory,POST,1.2096607201964065
154,/inventory,POST,1.2096607201964065
155,/inventory,POST,1.2096607201964065
156,/inventory,POST,1.2096607201964065
157,/inventory,POST,1.2096607201964065
158,/inventory,POST,1.2096607201964065
159,/inventory,POST,1.2096607201964065
160,/inventory,POST,1.2096607201964065
161,/inventory,POST,1.2096607201964065
162,/inventory,POST,1.2096607201964065
163,/inventory,POST,1.2096607201964065
164,/inventory,POST,1.2096607201964065
165,/inventory,POST,1.2096607201964065
166,/inventory,POST,1.2096607201964065
167,/inventory,POST,1.2096607201964065
168,/inventory,POST,1.2096607201964065
169,/inventory,POST,1.2096607201964065
170,/inventory,POST,1.2096607201964065
171,/inventory,POST,1.2096607201964065
172,/inventory,POST,1.2096607201964065
173,/inventory,POST,1.2096607201964065
174,/inventory,POST,1.2096607201964065
175,/inventory,POST,1.2096607201964065
176,/inventory,POST,1.2096607201964065
177,/inventory,POST,1.2096607201964065
178,/inventory,POST,1.2096607201964065
179,/inventory,POST,1.2096607201964065
180,/inventory,POST,1.2096607201964065
