Day,Endpoint,Method,Value
1,/price,GET,2.5722033065557484
2,/price,GET,2.734860955476761
3,/price,GET,2.612336939573288
4,/price,GET,2.662499315142632
5,/price,GET,2.632121888399124
6,/price,GET,2.662146499156952
7,/price,GET,2.627854325771332
8,/price,GET,2.6457510721683506
9,/price,GET,2.6395019930601125
10,/price,GET,2.642445384860039
11,/price,GET,2.639816002249718
12,/price,GET,2.642863965034485
13,/price,GET,2.6406721216440205
14,/price,GET,2.6414272248744965
15,/price,GET,2.641258667111397
16,/price,GET,2.641515799164772
17,/price,GET,2.64125363111496
18,/price,GET,2.6414058959484104
19,/price,GET,2.6413345032930375
20,/price,GET,2.6413662004470826
21,/price,GET,2.6413472414016725
22,/price,GET,2.6413632380962375
23,/price,GET,2.6413510924577714
24,/price,GET,2.641357905864716
25,/price,GET,2.6413549435138703
26,/price,GET,2.641356424689293
27,/price,GET,2.641355239748955
28,/price,GET,2.6413561284542086
29,/price,GET,2.6413555359840397
30,/price,GET,2.641355832219124
31,/price,GET,2.6413555359840397
32,/price,GET,2.641355832219124
33,/price,GET,2.6413555359840397
34,/price,GET,2.641355832219124
35,/price,GET,2.641355832219124
36,/price,GET,2.641355832219124
37,/price,GET,2.641355832219124
38,/price,GET,2.641355832219124
39,/price,GET,2.6413555359840397
40,/price,GET,2.641355832219124
41,/price,GET,2.641355832219124
42,/price,GET,2.641355832219124
43,/price,GET,2.641355832219124
44,/price,GET,2.641355832219124
45,/price,GET,2.641355832219124
46,/price,GET,2.641355832219124
47,/price,GET,2.641355832219124
48,/price,GET,2.641355832219124
49,/price,GET,2.641355832219124
50,/price,GET,2.6413555359840397
51,/price,GET,2.641355832219124
52,/price,GET,2.641355832219124
53,/price,GET,2.641355832219124
54,/price,GET,2.641355832219124
55,/price,GET,2.641355832219124
56,/price,GET,2.641355832219124
57,/price,GET,2.641355832219124
58,/price,GET,2.641355832219124
59,/price,GET,2.641355832219124
60,/price,GET,2.6413555359840397
61,/price,GET,2.6413555359840397
62,/price,GET,2.641355832219124
63,/price,GET,2.641355832219124
64,/price,GET,2.6413555359840397
65,/price,GET,2.641355832219124
66,/price,GET,2.641355832219124
67,/price,GET,2.641355832219124
68,/price,GET,2.6413555359840397
69,/price,GET,2.641355832219124
70,/price,GET,2.641355832219124
71,/price,GET,2.641355832219124
72,/price,GET,2.641355832219124
73,/price,GET,2.641355832219124
74,/price,GET,2.641355832219124
75,/price,GET,2.6413561284542086
76,/price,GET,2.641355832219124
77,/price,GET,2.641355832219124
78,/price,GET,2.641355832219124
79,/price,GET,2.641355832219124
80,/price,GET,2.641355832219124
81,/price,GET,2.641355832219124
82,/price,GET,2.6413555359840397
83,/price,GET,2.641355832219124
84,/price,GET,2.641355832219124
85,/price,GET,2.641355832219124
86,/price,GET,2.641355832219124
87,/price,GET,2.641355832219124
88,/price,GET,2.641355832219124
89,/price,GET,2.641355832219124
90,/price,GET,2.6413555359840397
91,/price,GET,2.641355832219124
92,/price,GET,2.641355832219124
93,/price,GET,2.641355832219124
94,/price,GET,2.641355832219124
95,/price,GET,2.641355832219124
96,/price,GET,2.641355832219124
97,/price,GET,2.641355832219124
98,/price,GET,2.641355832219124
99,/price,GET,2.641355832219124
100,/price,GET,2.641355832219124
101,/price,GET,2.641355832219124
102,/price,GET,2.641355832219124
103,/price,GET,2.6413555359840397
104,/price,GET,2.641355832219124
105,/price,GET,2.6413555359840397
106,/price,GET,2.641355832219124
107,/price,GET,2.641355832219124
108,/price,GET,2.641355832219124
109,/price,GET,2.641355832219124
110,/price,GET,2.641355832219124
111,/price,GET,2.641355832219124
112,/price,GET,2.641355832219124
113,/price,GET,2.641355832219124
114,/price,GET,2.641355832219124
115,/price,GET,2.641355832219124
116,/price,GET,2.641355832219124
117,/price,GET,2.6413555359840397
118,/price,GET,2.6413555359840397
119,/price,GET,2.641355832219124
120,/price,GET,2.641355832219124
121,/price,GET,2.641355832219124
122,/price,GET,2.641355832219124
123,/price,GET,2.641355832219124
124,/price,GET,2.6413555359840397
125,/price,GET,2.641355832219124
126,/price,GET,2.641355832219124
127,/price,GET,2.641355832219124
128,/price,GET,2.641355832219124
129,/price,GET,2.641355832219124
130,/price,GET,2.641355832219124
131,/price,GET,2.641355832219124
132,/price,GET,2.6413555359840397
133,/price,GET,2.641355832219124
134,/price,GET,2.641355832219124
135,/price,GET,2.641355832219124
136,/price,GET,2.641355832219124
137,/price,GET,2.641355832219124
138,/price,GET,2.641355832219124
139,/price,GET,2.641355832219124
140,/price,GET,2.641355832219124
141,/price,GET,2.641355832219124
142,/price,GET,2.641355832219124
143,/price,GET,2.6413555359840397
144,/price,GET,2.641355832219124
145,/price,GET,2.641355832219124
146,/price,GET,2.641355832219124
147,/price,GET,2.641355832219124
148,/price,GET,2.641355832219124
149,/price,GET,2.6413555359840397
150,/price,GET,2.641355832219124
151,/price,GET,2.641355832219124
152,/price,GET,2.641355832219124
153,/price,GET,2.641355832219124
154,/price,GET,2.641355832219124
155,/price,GET,2.641355832219124
156,/price,GET,2.641355832219124
157,/price,GET,2.641355832219124
158,/price,GET,2.641355832219124
159,/price,GET,2.641355832219124
160,/price,GET,2.641355832219124
161,/price,GET,2.6413555359840397
162,/price,GET,2.6413555359840397
163,/price,GET,2.641355832219124
164,/price,GET,2.641355832219124
165,/price,GET,2.641355832219124
166,/price,GET,2.641355832219124
167,/price,GET,2.641355832219124
168,/price,GET,2.641355832219124
169,/price,GET,2.641355832219124
170,/price,GET,2.641355832219124
171,/price,GET,2.641355832219124
172,/price,GET,2.641355832219124
173,/price,GET,2.641355832219124
174,/price,GET,2.641355832219124
175,/price,GET,2.641355832219124
176,/price,GET,2.641355832219124
177,/price,GET,2.641355832219124
178,/price,GET,2.641355832219124
179,/price,GET,2.6413555359840397
1,/price,PUT,2.7374038100242615
2,/price,PUT,2.9380112886428833
3,/price,PUT,2.709471583366394
4,/price,PUT,2.7011343836784363
5,/price,PUT,2.7130126953125
6,/price,PUT,2.778480052947998
7,/price,PUT,2.7476155757904053
8,/price,PUT,2.731866240501404
9,/price,PUT,2.7330365777015686
10,/price,PUT,2.7446967363357544
11,/price,PUT,2.740793824195862
12,/price,PUT,2.737691104412079
13,/price,PUT,2.7373450994491577
14,/price,PUT,2.739512026309967
15,/price,PUT,2.739543914794922
16,/price,PUT,2.7389150857925415
17,/price,PUT,2.7388402819633484
18,/price,PUT,2.73907333612442
19,/price,PUT,2.739139199256897
20,/price,PUT,2.7390432357788086
21,/price,PUT,2.739013135433197
22,/price,PUT,2.7390390634536743
23,/price,PUT,2.739061713218689
24,/price,PUT,2.7390480041503906
25,/price,PUT,2.7390408515930176
26,/price,PUT,2.7390441298484802
27,/price,PUT,2.7390480041503906
28,/price,PUT,2.739046812057495
29,/price,PUT,2.7390456199645996
30,/price,PUT,2.7390456199645996
31,/price,PUT,2.7390462160110474
32,/price,PUT,2.7390462160110474
33,/price,PUT,2.7390459179878235
34,/price,PUT,2.7390462160110474
35,/price,PUT,2.7390462160110474
36,/price,PUT,2.7390462160110474
37,/price,PUT,2.7390462160110474
38,/price,PUT,2.7390462160110474
39,/price,PUT,2.7390462160110474
40,/price,PUT,2.7390462160110474
41,/price,PUT,2.7390459179878235
42,/price,PUT,2.7390462160110474
43,/price,PUT,2.7390462160110474
44,/price,PUT,2.7390462160110474
45,/price,PUT,2.7390462160110474
46,/price,PUT,2.7390462160110474
47,/price,PUT,2.7390462160110474
48,/price,PUT,2.7390462160110474
49,/price,PUT,2.7390462160110474
50,/price,PUT,2.7390462160110474
51,/price,PUT,2.7390462160110474
52,/price,PUT,2.7390459179878235
53,/price,PUT,2.7390459179878235
54,/price,PUT,2.7390462160110474
55,/price,PUT,2.7390462160110474
56,/price,PUT,2.7390459179878235
57,/price,PUT,2.7390462160110474
58,/price,PUT,2.7390462160110474
59,/price,PUT,2.7390462160110474
60,/price,PUT,2.7390462160110474
61,/price,PUT,2.7390459179878235
62,/price,PUT,2.7390462160110474
63,/price,PUT,2.7390462160110474
64,/price,PUT,2.7390459179878235
65,/price,PUT,2.7390462160110474
66,/price,PUT,2.7390462160110474
67,/price,PUT,2.7390462160110474
68,/price,PUT,2.7390459179878235
69,/price,PUT,2.7390462160110474
70,/price,PUT,2.7390462160110474
71,/price,PUT,2.7390462160110474
72,/price,PUT,2.7390462160110474
73,/price,PUT,2.7390462160110474
74,/price,PUT,2.7390459179878235
75,/price,PUT,2.7390462160110474
76,/price,PUT,2.7390462160110474
77,/price,PUT,2.7390462160110474
78,/price,PUT,2.7390462160110474
79,/price,PUT,2.7390462160110474
80,/price,PUT,2.7390459179878235
81,/price,PUT,2.7390462160110474
82,/price,PUT,2.7390462160110474
83,/price,PUT,2.7390462160110474
84,/price,PUT,2.7390459179878235
85,/price,PUT,2.7390462160110474
86,/price,PUT,2.7390462160110474
87,/price,PUT,2.7390462160110474
88,/price,PUT,2.7390459179878235
89,/price,PUT,2.7390462160110474
90,/price,PUT,2.7390459179878235
91,/price,PUT,2.7390462160110474
92,/price,PUT,2.7390462160110474
93,/price,PUT,2.7390459179878235
94,/price,PUT,2.7390462160110474
95,/price,PUT,2.7390462160110474
96,/price,PUT,2.7390459179878235
97,/price,PUT,2.7390462160110474
98,/price,PUT,2.7390462160110474
99,/price,PUT,2.7390462160110474
100,/price,PUT,2.7390462160110474
101,/price,PUT,2.7390462160110474
102,/price,PUT,2.7390462160110474
103,/price,PUT,2.7390462160110474
104,/price,PUT,2.7390459179878235
105,/price,PUT,2.7390459179878235
106,/price,PUT,2.7390462160110474
107,/price,PUT,2.7390462160110474
108,/price,PUT,2.7390459179878235
109,/price,PUT,2.7390462160110474
110,/price,PUT,2.7390459179878235
111,/price,PUT,2.7390462160110474
112,/price,PUT,2.7390462160110474
113,/price,PUT,2.7390462160110474
114,/price,PUT,2.7390462160110474
115,/price,PUT,2.7390459179878235
116,/price,PUT,2.7390462160110474
117,/price,PUT,2.7390462160110474
118,/price,PUT,2.7390462160110474
119,/price,PUT,2.7390459179878235
120,/price,PUT,2.7390462160110474
121,/price,PUT,2.7390462160110474
122,/price,PUT,2.7390459179878235
123,/price,PUT,2.7390462160110474
124,/price,PUT,2.7390459179878235
125,/price,PUT,2.7390462160110474
126,/price,PUT,2.7390459179878235
127,/price,PUT,2.7390462160110474
128,/price,PUT,2.7390462160110474
129,/price,PUT,2.7390462160110474
130,/price,PUT,2.7390462160110474
131,/price,PUT,2.7390462160110474
132,/price,PUT,2.7390462160110474
133,/price,PUT,2.7390462160110474
134,/price,PUT,2.7390459179878235
135,/price,PUT,2.7390462160110474
136,/price,PUT,2.7390462160110474
137,/price,PUT,2.7390459179878235
138,/price,PUT,2.7390459179878235
139,/price,PUT,2.7390462160110474
140,/price,PUT,2.7390459179878235
141,/price,PUT,2.7390462160110474
142,/price,PUT,2.7390462160110474
143,/price,PUT,2.7390462160110474
144,/price,PUT,2.7390462160110474
145,/price,PUT,2.7390459179878235
146,/price,PUT,2.7390462160110474
147,/price,PUT,2.7390462160110474
148,/price,PUT,2.7390462160110474
149,/price,PUT,2.7390462160110474
150,/price,PUT,2.7390462160110474
151,/price,PUT,2.7390459179878235
152,/price,PUT,2.7390462160110474
153,/price,PUT,2.7390459179878235
154,/price,PUT,2.7390462160110474
155,/price,PUT,2.7390462160110474
156,/price,PUT,2.7390462160110474
157,/price,PUT,2.7390462160110474
158,/price,PUT,2.7390462160110474
159,/price,PUT,2.7390462160110474
160,/price,PUT,2.7390459179878235
161,/price,PUT,2.7390462160110474
162,/price,PUT,2.7390462160110474
163,/price,PUT,2.7390462160110474
164,/price,PUT,2.7390462160110474
165,/price,PUT,2.7390462160110474
166,/price,PUT,2.7390462160110474
167,/price,PUT,2.7390462160110474
168,/price,PUT,2.7390462160110474
169,/price,PUT,2.7390459179878235
170,/price,PUT,2.7390462160110474
171,/price,PUT,2.7390462160110474
172,/price,PUT,2.7390459179878235
173,/price,PUT,2.7390462160110474
174,/price,PUT,2.7390462160110474
175,/price,PUT,2.7390459179878235
176,/price,PUT,2.7390462160110474
177,/price,PUT,2.7390459179878235
178,/price,PUT,2.7390462160110474
179,/price,PUT,2.7390462160110474
1,/price,POST,2.544689114093781
2,/price,POST,2.7328598666191106
3,/price,POST,2.8757858371734626
4,/price,POST,2.6951439094543463
5,/price,POST,2.7208963847160343
6,/price,POST,2.6295792555809028
7,/price,POST,2.6610813498497015
8,/price,POST,2.667759456634522
9,/price,POST,2.6687615585327156
10,/price,POST,2.6663233876228336
11,/price,POST,2.6595781970024115
12,/price,POST,2.6644854092597967
13,/price,POST,2.6647139692306525
14,/price,POST,2.6657522845268256
15,/price,POST,2.664796488285065
16,/price,POST,2.6645667409896854
17,/price,POST,2.6648344826698307
18,/price,POST,2.664866540431977
19,/price,POST,2.66497636795044
20,/price,POST,2.6648416066169744
21,/price,POST,2.6648493242263798
22,/price,POST,2.664859416484833
23,/price,POST,2.6648742580413822
24,/price,POST,2.6648772263526923
25,/price,POST,2.664865353107453
26,/price,POST,2.664866540431977
27,/price,POST,2.664867134094239
28,/price,POST,2.6648695087432865
29,/price,POST,2.6648683214187625
30,/price,POST,2.6648683214187625
31,/price,POST,2.664867727756501
32,/price,POST,2.664867727756501
33,/price,POST,2.6648683214187625
34,/price,POST,2.6648683214187625
35,/price,POST,2.6648683214187625
36,/price,POST,2.6648683214187625
37,/price,POST,2.6648683214187625
38,/price,POST,2.6648683214187625
39,/price,POST,2.6648683214187625
40,/price,POST,2.6648683214187625
41,/price,POST,2.6648683214187625
42,/price,POST,2.6648683214187625
43,/price,POST,2.6648683214187625
44,/price,POST,2.6648683214187625
45,/price,POST,2.6648683214187625
46,/price,POST,2.6648683214187625
47,/price,POST,2.6648683214187625
48,/price,POST,2.6648683214187625
49,/price,POST,2.6648683214187625
50,/price,POST,2.6648683214187625
51,/price,POST,2.6648683214187625
52,/price,POST,2.6648683214187625
53,/price,POST,2.6648683214187625
54,/price,POST,2.6648683214187625
55,/price,POST,2.6648683214187625
56,/price,POST,2.6648683214187625
57,/price,POST,2.6648683214187625
58,/price,POST,2.6648683214187625
59,/price,POST,2.6648683214187625
60,/price,POST,2.6648683214187625
61,/price,POST,2.6648683214187625
62,/price,POST,2.6648683214187625
63,/price,POST,2.6648683214187625
64,/price,POST,2.6648683214187625
65,/price,POST,2.6648683214187625
66,/price,POST,2.6648683214187625
67,/price,POST,2.6648683214187625
68,/price,POST,2.6648683214187625
69,/price,POST,2.6648683214187625
70,/price,POST,2.6648683214187625
71,/price,POST,2.6648683214187625
72,/price,POST,2.6648683214187625
73,/price,POST,2.6648683214187625
74,/price,POST,2.6648683214187625
75,/price,POST,2.6648683214187625
76,/price,POST,2.6648683214187625
77,/price,POST,2.6648683214187625
78,/price,POST,2.6648683214187625
79,/price,POST,2.6648683214187625
80,/price,POST,2.6648683214187625
81,/price,POST,2.6648683214187625
82,/price,POST,2.6648683214187625
83,/price,POST,2.6648683214187625
84,/price,POST,2.6648683214187625
85,/price,POST,2.6648683214187625
86,/price,POST,2.6648683214187625
87,/price,POST,2.6648683214187625
88,/price,POST,2.6648683214187625
89,/price,POST,2.6648683214187625
90,/price,POST,2.6648683214187625
91,/price,POST,2.6648683214187625
92,/price,POST,2.6648683214187625
93,/price,POST,2.6648683214187625
94,/price,POST,2.6648683214187625
95,/price,POST,2.6648683214187625
96,/price,POST,2.6648683214187625
97,/price,POST,2.6648683214187625
98,/price,POST,2.6648683214187625
99,/price,POST,2.6648683214187625
100,/price,POST,2.6648683214187625
101,/price,POST,2.6648683214187625
102,/price,POST,2.6648683214187625
103,/price,POST,2.6648683214187625
104,/price,POST,2.6648683214187625
105,/price,POST,2.6648683214187625
106,/price,POST,2.6648683214187625
107,/price,POST,2.6648683214187625
108,/price,POST,2.6648683214187625
109,/price,POST,2.6648683214187625
110,/price,POST,2.6648683214187625
111,/price,POST,2.6648683214187625
112,/price,POST,2.6648683214187625
113,/price,POST,2.6648683214187625
114,/price,POST,2.6648683214187625
115,/price,POST,2.6648683214187625
116,/price,POST,2.6648683214187625
117,/price,POST,2.6648683214187625
118,/price,POST,2.6648683214187625
119,/price,POST,2.6648683214187625
120,/price,POST,2.6648683214187625
121,/price,POST,2.6648683214187625
122,/price,POST,2.6648683214187625
123,/price,POST,2.6648683214187625
124,/price,POST,2.6648683214187625
125,/price,POST,2.6648683214187625
126,/price,POST,2.6648683214187625
127,/price,POST,2.6648683214187625
128,/price,POST,2.6648683214187625
129,/price,POST,2.6648683214187625
130,/price,POST,2.6648683214187625
131,/price,POST,2.6648683214187625
132,/price,POST,2.6648683214187625
133,/price,POST,2.6648683214187625
134,/price,POST,2.6648683214187625
135,/price,POST,2.6648683214187625
136,/price,POST,2.6648683214187625
137,/price,POST,2.6648683214187625
138,/price,POST,2.6648683214187625
139,/price,POST,2.6648683214187625
140,/price,POST,2.6648683214187625
141,/price,POST,2.6648683214187625
142,/price,POST,2.6648683214187625
143,/price,POST,2.6648683214187625
144,/price,POST,2.6648683214187625
145,/price,POST,2.6648683214187625
146,/price,POST,2.6648683214187625
147,/price,POST,2.6648683214187625
148,/price,POST,2.6648683214187625
149,/price,POST,2.6648683214187625
150,/price,POST,2.6648683214187625
151,/price,POST,2.6648683214187625
152,/price,POST,2.6648683214187625
153,/price,POST,2.6648683214187625
154,/price,POST,2.6648683214187625
155,/price,POST,2.6648683214187625
156,/price,POST,2.6648683214187625
157,/price,POST,2.6648683214187625
158,/price,POST,2.6648683214187625
159,/price,POST,2.6648683214187625
160,/price,POST,2.6648683214187625
161,/price,POST,2.6648683214187625
162,/price,POST,2.6648683214187625
163,/price,POST,2.6648683214187625
164,/price,POST,2.6648683214187625
165,/price,POST,2.6648683214187625
166,/price,POST,2.6648683214187625
167,/price,POST,2.6648683214187625
168,/price,POST,2.6648683214187625
169,/price,POST,2.6648683214187625
170,/price,POST,2.6648683214187625
171,/price,POST,2.6648683214187625
172,/price,POST,2.6648683214187625
173,/price,POST,2.6648683214187625
174,/price,POST,2.6648683214187625
175,/price,POST,2.6648683214187625
176,/price,POST,2.6648683214187625
177,/price,POST,2.6648683214187625
178,/price,POST,2.6648683214187625
179,/price,POST,2.6648683214187625
1,/users,GET,2.4225604122877122
2,/users,GET,2.4517690408229833
3,/users,GET,2.310480093955994
4,/users,GET,2.7403093814849857
5,/users,GET,2.3611962157487874
6,/users,GET,2.4551716160774233
7,/users,GET,2.429143236279488
8,/users,GET,2.4308807373046877
9,/users,GET,2.394376741647721
10,/users,GET,2.4557416802644734
11,/users,GET,2.415604323148728
12,/users,GET,2.4238127428293232
13,/users,GET,2.4352591449022296
14,/users,GET,2.4230528551340105
15,/users,GET,2.4253789722919468
16,/users,GET,2.4303635090589526
17,/users,GET,2.4253432041406633
18,/users,GET,2.4262390404939653
19,/users,GET,2.4286016678810123
20,/users,GET,2.4260935932397847
21,/users,GET,2.4268493252992633
22,/users,GET,2.4275982302427295
23,/users,GET,2.426631154417992
24,/users,GET,2.426938077807427
25,/users,GET,2.4272482663393022
26,/users,GET,2.4268189001083376
27,/users,GET,2.4269891327619555
28,/users,GET,2.427103264331818
29,/users,GET,2.4268980056047442
30,/users,GET,2.4270257914066318
31,/users,GET,2.427026088237763
32,/users,GET,2.4269716197252276
33,/users,GET,2.426999225020409
34,/users,GET,2.4270162928104404
35,/users,GET,2.426980227828026
36,/users,GET,2.4270045679807666
37,/users,GET,2.427002193331719
38,/users,GET,2.4269929915666584
39,/users,GET,2.426999818682671
40,/users,GET,2.4270008575916293
41,/users,GET,2.4269953662157064
42,/users,GET,2.4269996702671053
43,/users,GET,2.426998928189278
44,/users,GET,2.4269974440336233
45,/users,GET,2.426998928189278
46,/users,GET,2.426998631358147
47,/users,GET,2.426998037695885
48,/users,GET,2.426998631358147
49,/users,GET,2.426998631358147
50,/users,GET,2.426998037695885
51,/users,GET,2.4269984829425817
52,/users,GET,2.426998631358147
53,/users,GET,2.426998334527016
54,/users,GET,2.426998334527016
55,/users,GET,2.426998631358147
56,/users,GET,2.426998334527016
57,/users,GET,2.426998334527016
58,/users,GET,2.4269984829425817
59,/users,GET,2.426998334527016
60,/users,GET,2.426998334527016
61,/users,GET,2.426998334527016
62,/users,GET,2.426998631358147
63,/users,GET,2.426998334527016
64,/users,GET,2.426998334527016
65,/users,GET,2.426998631358147
66,/users,GET,2.4269984829425817
67,/users,GET,2.426998334527016
68,/users,GET,2.426998334527016
69,/users,GET,2.4269984829425817
70,/users,GET,2.426998334527016
71,/users,GET,2.426998334527016
72,/users,GET,2.426998631358147
73,/users,GET,2.426998631358147
74,/users,GET,2.4269984829425817
75,/users,GET,2.426998334527016
76,/users,GET,2.426998334527016
77,/users,GET,2.4269984829425817
78,/users,GET,2.4269984829425817
79,/users,GET,2.426998631358147
80,/users,GET,2.4269984829425817
81,/users,GET,2.426998334527016
82,/users,GET,2.426998334527016
83,/users,GET,2.4269984829425817
84,/users,GET,2.426998334527016
85,/users,GET,2.426998631358147
86,/users,GET,2.4269984829425817
87,/users,GET,2.426998334527016
88,/users,GET,2.426998334527016
89,/users,GET,2.426998334527016
90,/users,GET,2.426998334527016
91,/users,GET,2.426998334527016
92,/users,GET,2.426998334527016
93,/users,GET,2.426998631358147
94,/users,GET,2.4269984829425817
95,/users,GET,2.426998334527016
96,/users,GET,2.426998334527016
97,/users,GET,2.4269984829425817
98,/users,GET,2.426998334527016
99,/users,GET,2.426998334527016
100,/users,GET,2.426998631358147
101,/users,GET,2.426998631358147
102,/users,GET,2.4269984829425817
103,/users,GET,2.4269984829425817
104,/users,GET,2.426998334527016
105,/users,GET,2.426998334527016
106,/users,GET,2.4269984829425817
107,/users,GET,2.426998334527016
108,/users,GET,2.426998631358147
109,/users,GET,2.426998334527016
110,/users,GET,2.426998334527016
111,/users,GET,2.426998334527016
112,/users,GET,2.426998631358147
113,/users,GET,2.426998334527016
114,/users,GET,2.4269984829425817
115,/users,GET,2.426998631358147
116,/users,GET,2.426998334527016
117,/users,GET,2.4269984829425817
118,/users,GET,2.426998631358147
119,/users,GET,2.426998631358147
120,/users,GET,2.426998631358147
121,/users,GET,2.4269984829425817
122,/users,GET,2.426998334527016
123,/users,GET,2.426998334527016
124,/users,GET,2.426998631358147
125,/users,GET,2.4269984829425817
126,/users,GET,2.426998334527016
127,/users,GET,2.426998334527016
128,/users,GET,2.426998334527016
129,/users,GET,2.426998334527016
130,/users,GET,2.426998631358147
131,/users,GET,2.426998631358147
132,/users,GET,2.4269984829425817
133,/users,GET,2.4269984829425817
134,/users,GET,2.426998334527016
135,/users,GET,2.426998334527016
136,/users,GET,2.426998334527016
137,/users,GET,2.4269984829425817
138,/users,GET,2.426998631358147
139,/users,GET,2.426998631358147
140,/users,GET,2.426998334527016
141,/users,GET,2.4269984829425817
142,/users,GET,2.426998631358147
143,/users,GET,2.426998631358147
144,/users,GET,2.4269984829425817
145,/users,GET,2.426998631358147
146,/users,GET,2.4269984829425817
147,/users,GET,2.426998334527016
148,/users,GET,2.426998334527016
149,/users,GET,2.426998631358147
150,/users,GET,2.426998334527016
151,/users,GET,2.4269984829425817
152,/users,GET,2.426998631358147
153,/users,GET,2.426998334527016
154,/users,GET,2.426998334527016
155,/users,GET,2.426998631358147
156,/users,GET,2.426998334527016
157,/users,GET,2.426998334527016
158,/users,GET,2.4269984829425817
159,/users,GET,2.426998631358147
160,/users,GET,2.426998334527016
161,/users,GET,2.426998334527016
162,/users,GET,2.426998334527016
163,/users,GET,2.4269984829425817
164,/users,GET,2.426998334527016
165,/users,GET,2.426998631358147
166,/users,GET,2.4269984829425817
167,/users,GET,2.4269984829425817
168,/users,GET,2.426998334527016
169,/users,GET,2.426998334527016
170,/users,GET,2.4269984829425817
171,/users,GET,2.4269984829425817
172,/users,GET,2.4269984829425817
173,/users,GET,2.426998631358147
174,/users,GET,2.426998631358147
175,/users,GET,2.4269984829425817
176,/users,GET,2.4269984829425817
177,/users,GET,2.426998334527016
178,/users,GET,2.4269984829425817
179,/users,GET,2.426998334527016
1,/users,PUT,2.2387339898943903
2,/users,PUT,2.294271551072598
3,/users,PUT,2.5177467072010042
4,/users,PUT,2.361861732900143
5,/users,PUT,2.3753662016987804
6,/users,PUT,2.365566300749779
7,/users,PUT,2.3761809962987903
8,/users,PUT,2.3628717464208604
9,/users,PUT,2.3680109807848932
10,/users,PUT,2.3700225651264195
11,/users,PUT,2.3684305977821354
12,/users,PUT,2.369193551242352
13,/users,PUT,2.368322323858738
14,/users,PUT,2.3688016322255137
15,/users,PUT,2.3683507624268536
16,/users,PUT,2.36887065500021
17,/users,PUT,2.368605968952179
18,/users,PUT,2.368636333048344
19,/users,PUT,2.368597378134728
20,/users,PUT,2.368649071156979
21,/users,PUT,2.3686342594027523
22,/users,PUT,2.368631445169449
23,/users,PUT,2.368636925518513
24,/users,PUT,2.3686342594027523
25,/users,PUT,2.3686344075202945
26,/users,PUT,2.3686333706974985
27,/users,PUT,2.36863544434309
28,/users,PUT,2.3686345556378368
29,/users,PUT,2.3686345556378368
30,/users,PUT,2.3686345556378368
31,/users,PUT,2.368634703755379
32,/users,PUT,2.3686345556378368
33,/users,PUT,2.3686345556378368
34,/users,PUT,2.368634851872921
35,/users,PUT,2.368634703755379
36,/users,PUT,2.3686345556378368
37,/users,PUT,2.3686345556378368
38,/users,PUT,2.3686345556378368
39,/users,PUT,2.368634703755379
40,/users,PUT,2.3686345556378368
41,/users,PUT,2.3686345556378368
42,/users,PUT,2.3686345556378368
43,/users,PUT,2.368634703755379
44,/users,PUT,2.3686345556378368
45,/users,PUT,2.3686345556378368
46,/users,PUT,2.3686345556378368
47,/users,PUT,2.3686345556378368
48,/users,PUT,2.3686345556378368
49,/users,PUT,2.368634703755379
50,/users,PUT,2.368634703755379
51,/users,PUT,2.3686345556378368
52,/users,PUT,2.3686345556378368
53,/users,PUT,2.3686345556378368
54,/users,PUT,2.3686345556378368
55,/users,PUT,2.3686345556378368
56,/users,PUT,2.3686345556378368
57,/users,PUT,2.3686345556378368
58,/users,PUT,2.368634851872921
59,/users,PUT,2.3686345556378368
60,/users,PUT,2.3686345556378368
61,/users,PUT,2.3686345556378368
62,/users,PUT,2.3686345556378368
63,/users,PUT,2.3686345556378368
64,/users,PUT,2.3686345556378368
65,/users,PUT,2.3686345556378368
66,/users,PUT,2.3686345556378368
67,/users,PUT,2.3686345556378368
68,/users,PUT,2.3686345556378368
69,/users,PUT,2.368634703755379
70,/users,PUT,2.3686345556378368
71,/users,PUT,2.368634703755379
72,/users,PUT,2.368634851872921
73,/users,PUT,2.3686345556378368
74,/users,PUT,2.368634703755379
75,/users,PUT,2.3686345556378368
76,/users,PUT,2.368634851872921
77,/users,PUT,2.3686345556378368
78,/users,PUT,2.3686345556378368
79,/users,PUT,2.3686345556378368
80,/users,PUT,2.3686345556378368
81,/users,PUT,2.3686345556378368
82,/users,PUT,2.368634703755379
83,/users,PUT,2.3686345556378368
84,/users,PUT,2.3686345556378368
85,/users,PUT,2.3686345556378368
86,/users,PUT,2.3686345556378368
87,/users,PUT,2.3686345556378368
88,/users,PUT,2.368634703755379
89,/users,PUT,2.3686345556378368
90,/users,PUT,2.3686345556378368
91,/users,PUT,2.3686345556378368
92,/users,PUT,2.368634703755379
93,/users,PUT,2.368634851872921
94,/users,PUT,2.3686345556378368
95,/users,PUT,2.368634703755379
96,/users,PUT,2.3686345556378368
97,/users,PUT,2.3686345556378368
98,/users,PUT,2.3686345556378368
99,/users,PUT,2.368634703755379
100,/users,PUT,2.3686345556378368
101,/users,PUT,2.3686345556378368
102,/users,PUT,2.3686345556378368
103,/users,PUT,2.3686345556378368
104,/users,PUT,2.3686345556378368
105,/users,PUT,2.3686345556378368
106,/users,PUT,2.368634703755379
107,/users,PUT,2.3686345556378368
108,/users,PUT,2.3686345556378368
109,/users,PUT,2.3686345556378368
110,/users,PUT,2.3686345556378368
111,/users,PUT,2.368634703755379
112,/users,PUT,2.3686345556378368
113,/users,PUT,2.368634703755379
114,/users,PUT,2.3686345556378368
115,/users,PUT,2.368634703755379
116,/users,PUT,2.3686345556378368
117,/users,PUT,2.3686345556378368
118,/users,PUT,2.3686345556378368
119,/users,PUT,2.3686345556378368
120,/users,PUT,2.3686345556378368
121,/users,PUT,2.3686345556378368
122,/users,PUT,2.368634703755379
123,/users,PUT,2.3686345556378368
124,/users,PUT,2.368634703755379
125,/users,PUT,2.368634851872921
126,/users,PUT,2.3686345556378368
127,/users,PUT,2.3686345556378368
128,/users,PUT,2.3686345556378368
129,/users,PUT,2.3686345556378368
130,/users,PUT,2.3686345556378368
131,/users,PUT,2.3686345556378368
132,/users,PUT,2.3686345556378368
133,/users,PUT,2.3686345556378368
134,/users,PUT,2.3686345556378368
135,/users,PUT,2.3686345556378368
136,/users,PUT,2.3686345556378368
137,/users,PUT,2.368634703755379
138,/users,PUT,2.368634703755379
139,/users,PUT,2.368634851872921
140,/users,PUT,2.3686345556378368
141,/users,PUT,2.3686345556378368
142,/users,PUT,2.3686345556378368
143,/users,PUT,2.368634703755379
144,/users,PUT,2.3686345556378368
145,/users,PUT,2.3686345556378368
146,/users,PUT,2.3686345556378368
147,/users,PUT,2.368634851872921
148,/users,PUT,2.3686345556378368
149,/users,PUT,2.368634703755379
150,/users,PUT,2.3686345556378368
151,/users,PUT,2.368634851872921
152,/users,PUT,2.3686345556378368
153,/users,PUT,2.3686345556378368
154,/users,PUT,2.3686345556378368
155,/users,PUT,2.3686345556378368
156,/users,PUT,2.3686345556378368
157,/users,PUT,2.368634703755379
158,/users,PUT,2.368634703755379
159,/users,PUT,2.3686345556378368
160,/users,PUT,2.3686345556378368
161,/users,PUT,2.3686345556378368
162,/users,PUT,2.3686345556378368
163,/users,PUT,2.368634703755379
164,/users,PUT,2.368634851872921
165,/users,PUT,2.3686345556378368
166,/users,PUT,2.3686345556378368
167,/users,PUT,2.3686345556378368
168,/users,PUT,2.3686345556378368
169,/users,PUT,2.368634703755379
170,/users,PUT,2.368634703755379
171,/users,PUT,2.368634703755379
172,/users,PUT,2.3686345556378368
173,/users,PUT,2.3686345556378368
174,/users,PUT,2.3686345556378368
175,/users,PUT,2.3686345556378368
176,/users,PUT,2.3686345556378368
177,/users,PUT,2.3686345556378368
178,/users,PUT,2.3686345556378368
179,/users,PUT,2.3686345556378368
1,/users,POST,2.186207237839699
2,/users,POST,2.5306763899326326
3,/users,POST,2.6832077538967134
4,/users,POST,2.637158888578415
5,/users,POST,2.644432172775269
6,/users,POST,2.574029375314713
7,/users,POST,2.5375838387012486
8,/users,POST,2.5584079051017765
9,/users,POST,2.568719110488892
10,/users,POST,2.5730103898048404
11,/users,POST,2.576007860898972
12,/users,POST,2.574742605686188
13,/users,POST,2.573187656402588
14,/users,POST,2.5726951169967656
15,/users,POST,2.572483348846436
16,/users,POST,2.5725951814651493
17,/users,POST,2.572814682722092
18,/users,POST,2.5728979623317723
19,/users,POST,2.5729140233993535
20,/users,POST,2.572906885147095
21,/users,POST,2.5728872549533848
22,/users,POST,2.5728723835945133
23,/users,POST,2.5728700041770938
24,/users,POST,2.5728711938858035
25,/users,POST,2.5728723835945133
26,/users,POST,2.5728741681575777
27,/users,POST,2.572874763011933
28,/users,POST,2.5728741681575777
29,/users,POST,2.5728741681575777
30,/users,POST,2.572873573303223
31,/users,POST,2.572873573303223
32,/users,POST,2.572873573303223
33,/users,POST,2.572873573303223
34,/users,POST,2.572873573303223
35,/users,POST,2.5728741681575777
36,/users,POST,2.572873573303223
37,/users,POST,2.5728741681575777
38,/users,POST,2.572873573303223
39,/users,POST,2.5728741681575777
40,/users,POST,2.5728741681575777
41,/users,POST,2.5728741681575777
42,/users,POST,2.572873573303223
43,/users,POST,2.5728741681575777
44,/users,POST,2.572873573303223
45,/users,POST,2.572873573303223
46,/users,POST,2.5728741681575777
47,/users,POST,2.572873573303223
48,/users,POST,2.572873573303223
49,/users,POST,2.5728741681575777
50,/users,POST,2.5728741681575777
51,/users,POST,2.5728741681575777
52,/users,POST,2.572873573303223
53,/users,POST,2.5728741681575777
54,/users,POST,2.572873573303223
55,/users,POST,2.572873573303223
56,/users,POST,2.5728741681575777
57,/users,POST,2.5728741681575777
58,/users,POST,2.572873573303223
59,/users,POST,2.5728741681575777
60,/users,POST,2.5728741681575777
61,/users,POST,2.572873573303223
62,/users,POST,2.5728741681575777
63,/users,POST,2.5728741681575777
64,/users,POST,2.572873573303223
65,/users,POST,2.572873573303223
66,/users,POST,2.5728741681575777
67,/users,POST,2.572873573303223
68,/users,POST,2.572873573303223
69,/users,POST,2.5728741681575777
70,/users,POST,2.5728741681575777
71,/users,POST,2.572873573303223
72,/users,POST,2.5728741681575777
73,/users,POST,2.572873573303223
74,/users,POST,2.572873573303223
75,/users,POST,2.572873573303223
76,/users,POST,2.5728741681575777
77,/users,POST,2.5728741681575777
78,/users,POST,2.5728741681575777
79,/users,POST,2.5728741681575777
80,/users,POST,2.5728741681575777
81,/users,POST,2.5728741681575777
82,/users,POST,2.5728741681575777
83,/users,POST,2.572873573303223
84,/users,POST,2.5728741681575777
85,/users,POST,2.572873573303223
86,/users,POST,2.572873573303223
87,/users,POST,2.5728741681575777
88,/users,POST,2.5728741681575777
89,/users,POST,2.5728741681575777
90,/users,POST,2.572873573303223
91,/users,POST,2.572873573303223
92,/users,POST,2.572873573303223
93,/users,POST,2.5728741681575777
94,/users,POST,2.5728741681575777
95,/users,POST,2.5728741681575777
96,/users,POST,2.5728741681575777
97,/users,POST,2.572873573303223
98,/users,POST,2.572873573303223
99,/users,POST,2.5728741681575777
100,/users,POST,2.5728741681575777
101,/users,POST,2.572873573303223
102,/users,POST,2.5728741681575777
103,/users,POST,2.572873573303223
104,/users,POST,2.572873573303223
105,/users,POST,2.572873573303223
106,/users,POST,2.572873573303223
107,/users,POST,2.5728741681575777
108,/users,POST,2.5728741681575777
109,/users,POST,2.5728741681575777
110,/users,POST,2.5728741681575777
111,/users,POST,2.5728741681575777
112,/users,POST,2.572873573303223
113,/users,POST,2.5728741681575777
114,/users,POST,2.572873573303223
115,/users,POST,2.5728741681575777
116,/users,POST,2.5728741681575777
117,/users,POST,2.572873573303223
118,/users,POST,2.572873573303223
119,/users,POST,2.572873573303223
120,/users,POST,2.5728741681575777
121,/users,POST,2.572873573303223
122,/users,POST,2.5728741681575777
123,/users,POST,2.5728741681575777
124,/users,POST,2.572873573303223
125,/users,POST,2.5728741681575777
126,/users,POST,2.5728741681575777
127,/users,POST,2.572873573303223
128,/users,POST,2.5728741681575777
129,/users,POST,2.5728741681575777
130,/users,POST,2.572873573303223
131,/users,POST,2.572873573303223
132,/users,POST,2.5728741681575777
133,/users,POST,2.572873573303223
134,/users,POST,2.5728741681575777
135,/users,POST,2.5728741681575777
136,/users,POST,2.5728741681575777
137,/users,POST,2.572873573303223
138,/users,POST,2.572873573303223
139,/users,POST,2.5728741681575777
140,/users,POST,2.5728741681575777
141,/users,POST,2.5728741681575777
142,/users,POST,2.5728741681575777
143,/users,POST,2.572873573303223
144,/users,POST,2.572873573303223
145,/users,POST,2.5728741681575777
146,/users,POST,2.5728741681575777
147,/users,POST,2.572873573303223
148,/users,POST,2.5728741681575777
149,/users,POST,2.572873573303223
150,/users,POST,2.572873573303223
151,/users,POST,2.5728741681575777
152,/users,POST,2.5728741681575777
153,/users,POST,2.572873573303223
154,/users,POST,2.5728741681575777
155,/users,POST,2.5728741681575777
156,/users,POST,2.572873573303223
157,/users,POST,2.572873573303223
158,/users,POST,2.572873573303223
159,/users,POST,2.5728741681575777
160,/users,POST,2.5728741681575777
161,/users,POST,2.572873573303223
162,/users,POST,2.5728741681575777
163,/users,POST,2.5728741681575777
164,/users,POST,2.572873573303223
165,/users,POST,2.5728741681575777
166,/users,POST,2.572873573303223
167,/users,POST,2.572873573303223
168,/users,POST,2.572873573303223
169,/users,POST,2.572873573303223
170,/users,POST,2.5728741681575777
171,/users,POST,2.5728741681575777
172,/users,POST,2.572873573303223
173,/users,POST,2.572873573303223
174,/users,POST,2.5728741681575777
175,/users,POST,2.572873573303223
176,/users,POST,2.572873573303223
177,/users,POST,2.572873573303223
178,/users,POST,2.572873573303223
179,/users,POST,2.5728741681575777
1,/orders,GET,2.3885817977786066
2,/orders,GET,2.279335605800152
3,/orders,GET,2.584120982885361
4,/orders,GET,2.4794615641236306
5,/orders,GET,2.5354410767555238
6,/orders,GET,2.497405197024346
7,/orders,GET,2.46618917375803
8,/orders,GET,2.474381359219551
9,/orders,GET,2.4708379605412487
10,/orders,GET,2.481991777122021
11,/orders,GET,2.479098702967167
12,/orders,GET,2.4771893692016604
13,/orders,GET,2.476949345469475
14,/orders,GET,2.4767824888229373
15,/orders,GET,2.4777516552805903
16,/orders,GET,2.477655586302281
17,/orders,GET,2.4776746216416363
18,/orders,GET,2.4775400358438495
19,/orders,GET,2.477460474073887
20,/orders,GET,2.4774762377142907
21,/orders,GET,2.4774780222773556
22,/orders,GET,2.477514605820179
23,/orders,GET,2.477524569630623
24,/orders,GET,2.477524123489857
25,/orders,GET,2.4775181749463084
26,/orders,GET,2.4775113341212274
27,/orders,GET,2.4775107392668727
28,/orders,GET,2.4775113341212274
29,/orders,GET,2.4775131186842922
30,/orders,GET,2.4775135648250584
31,/orders,GET,2.4775135648250584
32,/orders,GET,2.4775134161114694
33,/orders,GET,2.477513267397881
34,/orders,GET,2.477513267397881
35,/orders,GET,2.4775131186842922
36,/orders,GET,2.477513267397881
37,/orders,GET,2.477513267397881
38,/orders,GET,2.4775134161114694
39,/orders,GET,2.477513267397881
40,/orders,GET,2.477513267397881
41,/orders,GET,2.4775134161114694
42,/orders,GET,2.477513267397881
43,/orders,GET,2.4775134161114694
44,/orders,GET,2.4775131186842922
45,/orders,GET,2.4775134161114694
46,/orders,GET,2.477513267397881
47,/orders,GET,2.4775134161114694
48,/orders,GET,2.477513267397881
49,/orders,GET,2.4775131186842922
50,/orders,GET,2.477513267397881
51,/orders,GET,2.4775134161114694
52,/orders,GET,2.477513267397881
53,/orders,GET,2.477513267397881
54,/orders,GET,2.477513267397881
55,/orders,GET,2.4775131186842922
56,/orders,GET,2.477513267397881
57,/orders,GET,2.477513267397881
58,/orders,GET,2.477513267397881
59,/orders,GET,2.477513267397881
60,/orders,GET,2.477513267397881
61,/orders,GET,2.4775134161114694
62,/orders,GET,2.477513267397881
63,/orders,GET,2.4775134161114694
64,/orders,GET,2.477513267397881
65,/orders,GET,2.477513267397881
66,/orders,GET,2.4775131186842922
67,/orders,GET,2.477513267397881
68,/orders,GET,2.4775131186842922
69,/orders,GET,2.4775134161114694
70,/orders,GET,2.4775131186842922
71,/orders,GET,2.477513267397881
72,/orders,GET,2.4775134161114694
73,/orders,GET,2.477513267397881
74,/orders,GET,2.4775134161114694
75,/orders,GET,2.477513267397881
76,/orders,GET,2.4775134161114694
77,/orders,GET,2.4775134161114694
78,/orders,GET,2.4775134161114694
79,/orders,GET,2.477513267397881
80,/orders,GET,2.477513267397881
81,/orders,GET,2.4775131186842922
82,/orders,GET,2.477513267397881
83,/orders,GET,2.477513267397881
84,/orders,GET,2.477513267397881
85,/orders,GET,2.477513267397881
86,/orders,GET,2.477513267397881
87,/orders,GET,2.4775131186842922
88,/orders,GET,2.477513267397881
89,/orders,GET,2.4775134161114694
90,/orders,GET,2.477513267397881
91,/orders,GET,2.4775134161114694
92,/orders,GET,2.477513267397881
93,/orders,GET,2.4775134161114694
94,/orders,GET,2.4775134161114694
95,/orders,GET,2.477513267397881
96,/orders,GET,2.4775134161114694
97,/orders,GET,2.477513267397881
98,/orders,GET,2.477513267397881
99,/orders,GET,2.477513267397881
100,/orders,GET,2.477513267397881
101,/orders,GET,2.4775134161114694
102,/orders,GET,2.477513267397881
103,/orders,GET,2.477513267397881
104,/orders,GET,2.4775134161114694
105,/orders,GET,2.477513267397881
106,/orders,GET,2.477513267397881
107,/orders,GET,2.477513267397881
108,/orders,GET,2.477513267397881
109,/orders,GET,2.4775134161114694
110,/orders,GET,2.477513267397881
111,/orders,GET,2.4775134161114694
112,/orders,GET,2.477513267397881
113,/orders,GET,2.477513267397881
114,/orders,GET,2.4775134161114694
115,/orders,GET,2.477513267397881
116,/orders,GET,2.477513267397881
117,/orders,GET,2.477513267397881
118,/orders,GET,2.4775134161114694
119,/orders,GET,2.477513267397881
120,/orders,GET,2.4775134161114694
121,/orders,GET,2.4775134161114694
122,/orders,GET,2.477513267397881
123,/orders,GET,2.4775134161114694
124,/orders,GET,2.4775134161114694
125,/orders,GET,2.4775134161114694
126,/orders,GET,2.477513267397881
127,/orders,GET,2.477513267397881
128,/orders,GET,2.4775134161114694
129,/orders,GET,2.477513267397881
130,/orders,GET,2.4775134161114694
131,/orders,GET,2.477513267397881
132,/orders,GET,2.477513267397881
133,/orders,GET,2.477513267397881
134,/orders,GET,2.477513267397881
135,/orders,GET,2.477513267397881
136,/orders,GET,2.477513267397881
137,/orders,GET,2.4775131186842922
138,/orders,GET,2.4775131186842922
139,/orders,GET,2.477513267397881
140,/orders,GET,2.4775131186842922
141,/orders,GET,2.4775134161114694
142,/orders,GET,2.477513267397881
143,/orders,GET,2.4775134161114694
144,/orders,GET,2.477513267397881
145,/orders,GET,2.4775134161114694
146,/orders,GET,2.477513267397881
147,/orders,GET,2.477513267397881
148,/orders,GET,2.477513267397881
149,/orders,GET,2.477513267397881
150,/orders,GET,2.4775134161114694
151,/orders,GET,2.4775131186842922
152,/orders,GET,2.477513267397881
153,/orders,GET,2.477513267397881
154,/orders,GET,2.477513267397881
155,/orders,GET,2.477513267397881
156,/orders,GET,2.477513267397881
157,/orders,GET,2.4775131186842922
158,/orders,GET,2.477513267397881
159,/orders,GET,2.4775134161114694
160,/orders,GET,2.477513267397881
161,/orders,GET,2.4775134161114694
162,/orders,GET,2.4775134161114694
163,/orders,GET,2.4775131186842922
164,/orders,GET,2.477513267397881
165,/orders,GET,2.477513267397881
166,/orders,GET,2.4775134161114694
167,/orders,GET,2.477513267397881
168,/orders,GET,2.4775134161114694
169,/orders,GET,2.477513267397881
170,/orders,GET,2.4775134161114694
171,/orders,GET,2.477513267397881
172,/orders,GET,2.477513267397881
173,/orders,GET,2.477513267397881
174,/orders,GET,2.477513267397881
175,/orders,GET,2.477513267397881
176,/orders,GET,2.4775134161114694
177,/orders,GET,2.477513267397881
178,/orders,GET,2.477513267397881
179,/orders,GET,2.4775131186842922
1,/orders,PUT,2.6292020082473755
2,/orders,PUT,2.442561835050583
3,/orders,PUT,2.69150048494339
4,/orders,PUT,2.5673967599868774
5,/orders,PUT,2.526034116744995
6,/orders,PUT,2.592175304889679
7,/orders,PUT,2.615070343017578
8,/orders,PUT,2.607967257499695
9,/orders,PUT,2.6142603158950806
10,/orders,PUT,2.608388364315033
11,/orders,PUT,2.603377103805542
12,/orders,PUT,2.6028698682785034
13,/orders,PUT,2.6038143038749695
14,/orders,PUT,2.6040881872177124
15,/orders,PUT,2.604174017906189
16,/orders,PUT,2.6046738028526306
17,/orders,PUT,2.604708969593048
18,/orders,PUT,2.604578733444214
19,/orders,PUT,2.604494094848633
20,/orders,PUT,2.604476511478424
21,/orders,PUT,2.6044535636901855
22,/orders,PUT,2.6044705510139465
23,/orders,PUT,2.6044896245002747
24,/orders,PUT,2.604493796825409
25,/orders,PUT,2.6044920086860657
26,/orders,PUT,2.60449081659317
27,/orders,PUT,2.604489326477051
28,/orders,PUT,2.6044878363609314
29,/orders,PUT,2.6044878363609314
30,/orders,PUT,2.604488432407379
31,/orders,PUT,2.604488432407379
32,/orders,PUT,2.604488432407379
33,/orders,PUT,2.604488730430603
34,/orders,PUT,2.604488730430603
35,/orders,PUT,2.604488730430603
36,/orders,PUT,2.604488730430603
37,/orders,PUT,2.604488730430603
38,/orders,PUT,2.604488730430603
39,/orders,PUT,2.604488730430603
40,/orders,PUT,2.604488730430603
41,/orders,PUT,2.604488730430603
42,/orders,PUT,2.604488730430603
43,/orders,PUT,2.604488730430603
44,/orders,PUT,2.604488432407379
45,/orders,PUT,2.604488730430603
46,/orders,PUT,2.604488730430603
47,/orders,PUT,2.604488730430603
48,/orders,PUT,2.604488432407379
49,/orders,PUT,2.604488432407379
50,/orders,PUT,2.604488730430603
51,/orders,PUT,2.604488730430603
52,/orders,PUT,2.604488730430603
53,/orders,PUT,2.604488432407379
54,/orders,PUT,2.604488730430603
55,/orders,PUT,2.604488432407379
56,/orders,PUT,2.604488432407379
57,/orders,PUT,2.604488730430603
58,/orders,PUT,2.604488730430603
59,/orders,PUT,2.604488730430603
60,/orders,PUT,2.604488730430603
61,/orders,PUT,2.604488730430603
62,/orders,PUT,2.604488730430603
63,/orders,PUT,2.604488730430603
64,/orders,PUT,2.604489028453827
65,/orders,PUT,2.604488730430603
66,/orders,PUT,2.604488730430603
67,/orders,PUT,2.604488432407379
68,/orders,PUT,2.604488432407379
69,/orders,PUT,2.604488730430603
70,/orders,PUT,2.604488730430603
71,/orders,PUT,2.604488432407379
72,/orders,PUT,2.604488432407379
73,/orders,PUT,2.604488730430603
74,/orders,PUT,2.604488730430603
75,/orders,PUT,2.604488730430603
76,/orders,PUT,2.604488432407379
77,/orders,PUT,2.604488432407379
78,/orders,PUT,2.604488730430603
79,/orders,PUT,2.604488730430603
80,/orders,PUT,2.604488730430603
81,/orders,PUT,2.604488432407379
82,/orders,PUT,2.604488730430603
83,/orders,PUT,2.604488730430603
84,/orders,PUT,2.604488432407379
85,/orders,PUT,2.604488432407379
86,/orders,PUT,2.604488730430603
87,/orders,PUT,2.604488730430603
88,/orders,PUT,2.604488730430603
89,/orders,PUT,2.604488730430603
90,/orders,PUT,2.604488432407379
91,/orders,PUT,2.604488730430603
92,/orders,PUT,2.604488730430603
93,/orders,PUT,2.604488432407379
94,/orders,PUT,2.604488730430603
95,/orders,PUT,2.604488730430603
96,/orders,PUT,2.604488432407379
97,/orders,PUT,2.604488730430603
98,/orders,PUT,2.604488730430603
99,/orders,PUT,2.604488730430603
100,/orders,PUT,2.604488432407379
101,/orders,PUT,2.604488730430603
102,/orders,PUT,2.604488730430603
103,/orders,PUT,2.604488432407379
104,/orders,PUT,2.604488432407379
105,/orders,PUT,2.604488432407379
106,/orders,PUT,2.604488730430603
107,/orders,PUT,2.604488730430603
108,/orders,PUT,2.604488730430603
109,/orders,PUT,2.604488730430603
110,/orders,PUT,2.604488730430603
111,/orders,PUT,2.604488432407379
112,/orders,PUT,2.604488730430603
113,/orders,PUT,2.604488432407379
114,/orders,PUT,2.604488730430603
115,/orders,PUT,2.604488730430603
116,/orders,PUT,2.604488730430603
117,/orders,PUT,2.604488432407379
118,/orders,PUT,2.604488730430603
119,/orders,PUT,2.604488432407379
120,/orders,PUT,2.604488730430603
121,/orders,PUT,2.604488432407379
122,/orders,PUT,2.604488730430603
123,/orders,PUT,2.604488730430603
124,/orders,PUT,2.604488730430603
125,/orders,PUT,2.604488730430603
126,/orders,PUT,2.604488730430603
127,/orders,PUT,2.604488730430603
128,/orders,PUT,2.604488730430603
129,/orders,PUT,2.604488730430603
130,/orders,PUT,2.604488730430603
131,/orders,PUT,2.604488730430603
132,/orders,PUT,2.604488730430603
133,/orders,PUT,2.604488432407379
134,/orders,PUT,2.604488730430603
135,/orders,PUT,2.604488730430603
136,/orders,PUT,2.604488730430603
137,/orders,PUT,2.604488730430603
138,/orders,PUT,2.604488730430603
139,/orders,PUT,2.604488730430603
140,/orders,PUT,2.604488730430603
141,/orders,PUT,2.604488730430603
142,/orders,PUT,2.604488730430603
143,/orders,PUT,2.604488730430603
144,/orders,PUT,2.604488730430603
145,/orders,PUT,2.604488730430603
146,/orders,PUT,2.604488730430603
147,/orders,PUT,2.604488730430603
148,/orders,PUT,2.604488432407379
149,/orders,PUT,2.604488730430603
150,/orders,PUT,2.604488730430603
151,/orders,PUT,2.604488730430603
152,/orders,PUT,2.604488730430603
153,/orders,PUT,2.604488730430603
154,/orders,PUT,2.604488730430603
155,/orders,PUT,2.604488730430603
156,/orders,PUT,2.604488730430603
157,/orders,PUT,2.604488432407379
158,/orders,PUT,2.604488730430603
159,/orders,PUT,2.604488432407379
160,/orders,PUT,2.604488730430603
161,/orders,PUT,2.604488730430603
162,/orders,PUT,2.604488730430603
163,/orders,PUT,2.604488730430603
164,/orders,PUT,2.604488730430603
165,/orders,PUT,2.604488730430603
166,/orders,PUT,2.604488730430603
167,/orders,PUT,2.604488730430603
168,/orders,PUT,2.604488730430603
169,/orders,PUT,2.604488730430603
170,/orders,PUT,2.604488730430603
171,/orders,PUT,2.604488730430603
172,/orders,PUT,2.604488730430603
173,/orders,PUT,2.604488730430603
174,/orders,PUT,2.604488730430603
175,/orders,PUT,2.604488730430603
176,/orders,PUT,2.604488730430603
177,/orders,PUT,2.604488730430603
178,/orders,PUT,2.604488730430603
179,/orders,PUT,2.604488730430603
1,/orders,POST,2.361169518530369
2,/orders,POST,2.8634896683692936
3,/orders,POST,2.7901090300083164
4,/orders,POST,2.5008759713172917
5,/orders,POST,2.699739053845406
6,/orders,POST,2.6431035655736927
7,/orders,POST,2.634369021654129
8,/orders,POST,2.6515930294990544
9,/orders,POST,2.648081604242325
10,/orders,POST,2.6490625190734867
11,/orders,POST,2.6511266636848454
12,/orders,POST,2.648232697248459
13,/orders,POST,2.6508732557296755
14,/orders,POST,2.6491621571779254
15,/orders,POST,2.6498040050268177
16,/orders,POST,2.649540187120438
17,/orders,POST,2.649577068090439
18,/orders,POST,2.649533941149712
19,/orders,POST,2.6495836114883424
20,/orders,POST,2.6495315617322923
21,/orders,POST,2.6495833140611653
22,/orders,POST,2.649551191926003
23,/orders,POST,2.6495660632848743
24,/orders,POST,2.6495621967315675
25,/orders,POST,2.6495627915859226
26,/orders,POST,2.6495627915859226
27,/orders,POST,2.6495636838674548
28,/orders,POST,2.6495618993043903
29,/orders,POST,2.6495639812946323
30,/orders,POST,2.6495621967315675
31,/orders,POST,2.649562494158745
32,/orders,POST,2.6495627915859226
33,/orders,POST,2.6495630890131
34,/orders,POST,2.6495627915859226
35,/orders,POST,2.6495627915859226
36,/orders,POST,2.6495627915859226
37,/orders,POST,2.6495627915859226
38,/orders,POST,2.6495627915859226
39,/orders,POST,2.6495627915859226
40,/orders,POST,2.6495627915859226
41,/orders,POST,2.6495627915859226
42,/orders,POST,2.6495627915859226
43,/orders,POST,2.6495627915859226
44,/orders,POST,2.6495627915859226
45,/orders,POST,2.6495627915859226
46,/orders,POST,2.6495627915859226
47,/orders,POST,2.6495627915859226
48,/orders,POST,2.6495627915859226
49,/orders,POST,2.6495627915859226
50,/orders,POST,2.6495627915859226
51,/orders,POST,2.6495627915859226
52,/orders,POST,2.6495627915859226
53,/orders,POST,2.6495627915859226
54,/orders,POST,2.6495627915859226
55,/orders,POST,2.6495627915859226
56,/orders,POST,2.6495627915859226
57,/orders,POST,2.6495627915859226
58,/orders,POST,2.6495627915859226
59,/orders,POST,2.6495627915859226
60,/orders,POST,2.6495627915859226
61,/orders,POST,2.6495627915859226
62,/orders,POST,2.6495627915859226
63,/orders,POST,2.6495627915859226
64,/orders,POST,2.6495627915859226
65,/orders,POST,2.6495627915859226
66,/orders,POST,2.6495627915859226
67,/orders,POST,2.6495627915859226
68,/orders,POST,2.6495627915859226
69,/orders,POST,2.6495627915859226
70,/orders,POST,2.6495627915859226
71,/orders,POST,2.6495627915859226
72,/orders,POST,2.6495627915859226
73,/orders,POST,2.6495627915859226
74,/orders,POST,2.6495627915859226
75,/orders,POST,2.6495627915859226
76,/orders,POST,2.6495627915859226
77,/orders,POST,2.6495627915859226
78,/orders,POST,2.6495627915859226
79,/orders,POST,2.6495627915859226
80,/orders,POST,2.6495627915859226
81,/orders,POST,2.6495627915859226
82,/orders,POST,2.6495627915859226
83,/orders,POST,2.6495627915859226
84,/orders,POST,2.6495627915859226
85,/orders,POST,2.6495627915859226
86,/orders,POST,2.6495627915859226
87,/orders,POST,2.6495627915859226
88,/orders,POST,2.6495627915859226
89,/orders,POST,2.6495627915859226
90,/orders,POST,2.6495627915859226
91,/orders,POST,2.6495627915859226
92,/orders,POST,2.6495627915859226
93,/orders,POST,2.6495627915859226
94,/orders,POST,2.6495627915859226
95,/orders,POST,2.6495627915859226
96,/orders,POST,2.6495627915859226
97,/orders,POST,2.6495627915859226
98,/orders,POST,2.6495627915859226
99,/orders,POST,2.6495627915859226
100,/orders,POST,2.6495627915859226
101,/orders,POST,2.6495627915859226
102,/orders,POST,2.6495627915859226
103,/orders,POST,2.6495627915859226
104,/orders,POST,2.6495627915859226
105,/orders,POST,2.6495627915859226
106,/orders,POST,2.6495627915859226
107,/orders,POST,2.6495627915859226
108,/orders,POST,2.6495627915859226
109,/orders,POST,2.6495627915859226
110,/orders,POST,2.6495627915859226
111,/orders,POST,2.6495627915859226
112,/orders,POST,2.6495627915859226
113,/orders,POST,2.6495627915859226
114,/orders,POST,2.6495627915859226
115,/orders,POST,2.6495627915859226
116,/orders,POST,2.6495627915859226
117,/orders,POST,2.6495627915859226
118,/orders,POST,2.6495627915859226
119,/orders,POST,2.6495627915859226
120,/orders,POST,2.6495627915859226
121,/orders,POST,2.6495627915859226
122,/orders,POST,2.6495627915859226
123,/orders,POST,2.6495627915859226
124,/orders,POST,2.6495627915859226
125,/orders,POST,2.6495627915859226
126,/orders,POST,2.6495627915859226
127,/orders,POST,2.6495627915859226
128,/orders,POST,2.6495627915859226
129,/orders,POST,2.6495627915859226
130,/orders,POST,2.6495627915859226
131,/orders,POST,2.6495627915859226
132,/orders,POST,2.6495627915859226
133,/orders,POST,2.6495627915859226
134,/orders,POST,2.6495627915859226
135,/orders,POST,2.6495627915859226
136,/orders,POST,2.6495627915859226
137,/orders,POST,2.6495627915859226
138,/orders,POST,2.6495627915859226
139,/orders,POST,2.6495627915859226
140,/orders,POST,2.6495627915859226
141,/orders,POST,2.6495627915859226
142,/orders,POST,2.6495627915859226
143,/orders,POST,2.6495627915859226
144,/orders,POST,2.6495627915859226
145,/orders,POST,2.6495627915859226
146,/orders,POST,2.6495627915859226
147,/orders,POST,2.6495627915859226
148,/orders,POST,2.6495627915859226
149,/orders,POST,2.6495627915859226
150,/orders,POST,2.6495627915859226
151,/orders,POST,2.6495627915859226
152,/orders,POST,2.6495627915859226
153,/orders,POST,2.6495627915859226
154,/orders,POST,2.6495627915859226
155,/orders,POST,2.6495627915859226
156,/orders,POST,2.6495627915859226
157,/orders,POST,2.6495627915859226
158,/orders,POST,2.6495627915859226
159,/orders,POST,2.6495627915859226
160,/orders,POST,2.6495627915859226
161,/orders,POST,2.6495627915859226
162,/orders,POST,2.6495627915859226
163,/orders,POST,2.6495627915859226
164,/orders,POST,2.6495627915859226
165,/orders,POST,2.6495627915859226
166,/orders,POST,2.6495627915859226
167,/orders,POST,2.6495627915859226
168,/orders,POST,2.6495627915859226
169,/orders,POST,2.6495627915859226
170,/orders,POST,2.6495627915859226
171,/orders,POST,2.6495627915859226
172,/orders,POST,2.6495627915859226
173,/orders,POST,2.6495627915859226
174,/orders,POST,2.6495627915859226
175,/orders,POST,2.6495627915859226
176,/orders,POST,2.6495627915859226
177,/orders,POST,2.6495627915859226
178,/orders,POST,2.6495627915859226
179,/orders,POST,2.6495627915859226
1,/inventory,GET,2.7620291709899902
2,/inventory,GET,2.458687424659729
3,/inventory,GET,2.509819269180298
4,/inventory,GET,2.397589385509491
5,/inventory,GET,2.4537289142608643
6,/inventory,GET,2.5010275840759277
7,/inventory,GET,2.426404058933258
8,/inventory,GET,2.451367974281311
9,/inventory,GET,2.4607273936271667
10,/inventory,GET,2.45034396648407
11,/inventory,GET,2.451798915863037
12,/inventory,GET,2.4491488933563232
13,/inventory,GET,2.451047897338867
14,/inventory,GET,2.4514558911323547
15,/inventory,GET,2.450370192527771
16,/inventory,GET,2.4508562684059143
17,/inventory,GET,2.4510374665260315
18,/inventory,GET,2.4509799480438232
19,/inventory,GET,2.4509426951408386
20,/inventory,GET,2.450917065143585
21,/inventory,GET,2.4509549140930176
22,/inventory,GET,2.450951039791107
23,/inventory,GET,2.4509361386299133
24,/inventory,GET,2.4509426951408386
25,/inventory,GET,2.4509450793266296
26,/inventory,GET,2.4509447813034058
27,/inventory,GET,2.450944185256958
28,/inventory,GET,2.450944185256958
29,/inventory,GET,2.450944185256958
30,/inventory,GET,2.450944483280182
31,/inventory,GET,2.4509447813034058
32,/inventory,GET,2.450944483280182
33,/inventory,GET,2.450944483280182
34,/inventory,GET,2.4509447813034058
35,/inventory,GET,2.450944483280182
36,/inventory,GET,2.450944483280182
37,/inventory,GET,2.450944483280182
38,/inventory,GET,2.450944483280182
39,/inventory,GET,2.4509447813034058
40,/inventory,GET,2.450944483280182
41,/inventory,GET,2.450944483280182
42,/inventory,GET,2.4509447813034058
43,/inventory,GET,2.450944483280182
44,/inventory,GET,2.450944483280182
45,/inventory,GET,2.450944483280182
46,/inventory,GET,2.450944483280182
47,/inventory,GET,2.450944483280182
48,/inventory,GET,2.4509447813034058
49,/inventory,GET,2.4509447813034058
50,/inventory,GET,2.450944483280182
51,/inventory,GET,2.4509447813034058
52,/inventory,GET,2.450944483280182
53,/inventory,GET,2.450944483280182
54,/inventory,GET,2.450944483280182
55,/inventory,GET,2.450944483280182
56,/inventory,GET,2.450944483280182
57,/inventory,GET,2.450944483280182
58,/inventory,GET,2.450944483280182
59,/inventory,GET,2.450944483280182
60,/inventory,GET,2.450944483280182
61,/inventory,GET,2.450944483280182
62,/inventory,GET,2.450944483280182
63,/inventory,GET,2.450944483280182
64,/inventory,GET,2.450944483280182
65,/inventory,GET,2.450944483280182
66,/inventory,GET,2.4509447813034058
67,/inventory,GET,2.4509447813034058
68,/inventory,GET,2.4509447813034058
69,/inventory,GET,2.450944483280182
70,/inventory,GET,2.450944483280182
71,/inventory,GET,2.450944483280182
72,/inventory,GET,2.450944483280182
73,/inventory,GET,2.450944483280182
74,/inventory,GET,2.4509447813034058
75,/inventory,GET,2.450944483280182
76,/inventory,GET,2.450944483280182
77,/inventory,GET,2.450944483280182
78,/inventory,GET,2.450944483280182
79,/inventory,GET,2.450944483280182
80,/inventory,GET,2.450944483280182
81,/inventory,GET,2.450944483280182
82,/inventory,GET,2.450944483280182
83,/inventory,GET,2.4509447813034058
84,/inventory,GET,2.450944483280182
85,/inventory,GET,2.450944483280182
86,/inventory,GET,2.450944483280182
87,/inventory,GET,2.450944483280182
88,/inventory,GET,2.450944483280182
89,/inventory,GET,2.450944483280182
90,/inventory,GET,2.450944483280182
91,/inventory,GET,2.450944483280182
92,/inventory,GET,2.4509447813034058
93,/inventory,GET,2.450944483280182
94,/inventory,GET,2.450944483280182
95,/inventory,GET,2.4509447813034058
96,/inventory,GET,2.450944483280182
97,/inventory,GET,2.450944483280182
98,/inventory,GET,2.450944483280182
99,/inventory,GET,2.450944483280182
100,/inventory,GET,2.4509447813034058
101,/inventory,GET,2.450944483280182
102,/inventory,GET,2.450944483280182
103,/inventory,GET,2.450944483280182
104,/inventory,GET,2.450944483280182
105,/inventory,GET,2.4509447813034058
106,/inventory,GET,2.450944483280182
107,/inventory,GET,2.4509447813034058
108,/inventory,GET,2.4509447813034058
109,/inventory,GET,2.450944483280182
110,/inventory,GET,2.4509447813034058
111,/inventory,GET,2.450944483280182
112,/inventory,GET,2.450944483280182
113,/inventory,GET,2.4509447813034058
114,/inventory,GET,2.450944483280182
115,/inventory,GET,2.4509447813034058
116,/inventory,GET,2.4509447813034058
117,/inventory,GET,2.450944483280182
118,/inventory,GET,2.450944483280182
119,/inventory,GET,2.450944483280182
120,/inventory,GET,2.450944483280182
121,/inventory,GET,2.4509447813034058
122,/inventory,GET,2.450944483280182
123,/inventory,GET,2.450944483280182
124,/inventory,GET,2.450944483280182
125,/inventory,GET,2.450944483280182
126,/inventory,GET,2.450944483280182
127,/inventory,GET,2.450944483280182
128,/inventory,GET,2.450944483280182
129,/inventory,GET,2.450944483280182
130,/inventory,GET,2.450944483280182
131,/inventory,GET,2.4509447813034058
132,/inventory,GET,2.450944483280182
133,/inventory,GET,2.450944483280182
134,/inventory,GET,2.450944483280182
135,/inventory,GET,2.450944483280182
136,/inventory,GET,2.4509447813034058
137,/inventory,GET,2.450944483280182
138,/inventory,GET,2.4509447813034058
139,/inventory,GET,2.450944483280182
140,/inventory,GET,2.450944483280182
141,/inventory,GET,2.4509447813034058
142,/inventory,GET,2.450944483280182
143,/inventory,GET,2.450944483280182
144,/inventory,GET,2.450944483280182
145,/inventory,GET,2.450944483280182
146,/inventory,GET,2.450944483280182
147,/inventory,GET,2.450944483280182
148,/inventory,GET,2.450944483280182
149,/inventory,GET,2.450944483280182
150,/inventory,GET,2.450944483280182
151,/inventory,GET,2.450944483280182
152,/inventory,GET,2.450944483280182
153,/inventory,GET,2.450944483280182
154,/inventory,GET,2.4509447813034058
155,/inventory,GET,2.450944483280182
156,/inventory,GET,2.450944483280182
157,/inventory,GET,2.450944483280182
158,/inventory,GET,2.450944483280182
159,/inventory,GET,2.450944483280182
160,/inventory,GET,2.450944483280182
161,/inventory,GET,2.450944483280182
162,/inventory,GET,2.450944483280182
163,/inventory,GET,2.450944483280182
164,/inventory,GET,2.450944483280182
165,/inventory,GET,2.450944483280182
166,/inventory,GET,2.4509447813034058
167,/inventory,GET,2.4509447813034058
168,/inventory,GET,2.450944483280182
169,/inventory,GET,2.450944483280182
170,/inventory,GET,2.450944483280182
171,/inventory,GET,2.450944483280182
172,/inventory,GET,2.450944483280182
173,/inventory,GET,2.450944483280182
174,/inventory,GET,2.450944483280182
175,/inventory,GET,2.4509447813034058
176,/inventory,GET,2.450944483280182
177,/inventory,GET,2.450944483280182
178,/inventory,GET,2.450944483280182
179,/inventory,GET,2.4509447813034058
1,/inventory,PUT,2.5398221611976624
2,/inventory,PUT,2.4521885812282562
3,/inventory,PUT,2.536841630935669
4,/inventory,PUT,2.3311741650104523
5,/inventory,PUT,2.4676719307899475
6,/inventory,PUT,2.4035362899303436
7,/inventory,PUT,2.436373382806778
8,/inventory,PUT,2.416016608476639
9,/inventory,PUT,2.4242424964904785
10,/inventory,PUT,2.419344037771225
11,/inventory,PUT,2.425803989171982
12,/inventory,PUT,2.422526329755783
13,/inventory,PUT,2.423071414232254
14,/inventory,PUT,2.422742247581482
15,/inventory,PUT,2.423178404569626
16,/inventory,PUT,2.422824054956436
17,/inventory,PUT,2.4230121076107025
18,/inventory,PUT,2.4228234589099884
19,/inventory,PUT,2.4229994416236877
20,/inventory,PUT,2.422930598258972
21,/inventory,PUT,2.4229587614536285
22,/inventory,PUT,2.422926425933838
23,/inventory,PUT,2.4229486286640167
24,/inventory,PUT,2.4229390919208527
25,/inventory,PUT,2.4229441583156586
26,/inventory,PUT,2.4229393899440765
27,/inventory,PUT,2.4229419231414795
28,/inventory,PUT,2.4229414761066437
29,/inventory,PUT,2.4229420721530914
30,/inventory,PUT,2.42294117808342
31,/inventory,PUT,2.4229414761066437
32,/inventory,PUT,2.4229414761066437
33,/inventory,PUT,2.4229414761066437
34,/inventory,PUT,2.4229414761066437
35,/inventory,PUT,2.4229414761066437
36,/inventory,PUT,2.4229414761066437
37,/inventory,PUT,2.4229413270950317
38,/inventory,PUT,2.4229414761066437
39,/inventory,PUT,2.4229414761066437
40,/inventory,PUT,2.4229414761066437
41,/inventory,PUT,2.4229414761066437
42,/inventory,PUT,2.4229414761066437
43,/inventory,PUT,2.4229414761066437
44,/inventory,PUT,2.4229414761066437
45,/inventory,PUT,2.4229414761066437
46,/inventory,PUT,2.4229414761066437
47,/inventory,PUT,2.4229416251182556
48,/inventory,PUT,2.4229416251182556
49,/inventory,PUT,2.4229414761066437
50,/inventory,PUT,2.4229414761066437
51,/inventory,PUT,2.4229414761066437
52,/inventory,PUT,2.4229414761066437
53,/inventory,PUT,2.4229414761066437
54,/inventory,PUT,2.4229414761066437
55,/inventory,PUT,2.4229414761066437
56,/inventory,PUT,2.4229416251182556
57,/inventory,PUT,2.4229414761066437
58,/inventory,PUT,2.4229414761066437
59,/inventory,PUT,2.4229414761066437
60,/inventory,PUT,2.4229414761066437
61,/inventory,PUT,2.4229414761066437
62,/inventory,PUT,2.4229416251182556
63,/inventory,PUT,2.4229414761066437
64,/inventory,PUT,2.4229414761066437
65,/inventory,PUT,2.4229414761066437
66,/inventory,PUT,2.4229414761066437
67,/inventory,PUT,2.4229414761066437
68,/inventory,PUT,2.4229414761066437
69,/inventory,PUT,2.4229414761066437
70,/inventory,PUT,2.4229414761066437
71,/inventory,PUT,2.4229414761066437
72,/inventory,PUT,2.4229414761066437
73,/inventory,PUT,2.4229414761066437
74,/inventory,PUT,2.4229414761066437
75,/inventory,PUT,2.4229414761066437
76,/inventory,PUT,2.4229414761066437
77,/inventory,PUT,2.4229414761066437
78,/inventory,PUT,2.4229414761066437
79,/inventory,PUT,2.4229416251182556
80,/inventory,PUT,2.4229413270950317
81,/inventory,PUT,2.4229416251182556
82,/inventory,PUT,2.4229414761066437
83,/inventory,PUT,2.4229414761066437
84,/inventory,PUT,2.4229414761066437
85,/inventory,PUT,2.4229416251182556
86,/inventory,PUT,2.4229414761066437
87,/inventory,PUT,2.4229414761066437
88,/inventory,PUT,2.4229416251182556
89,/inventory,PUT,2.4229414761066437
90,/inventory,PUT,2.4229414761066437
91,/inventory,PUT,2.4229414761066437
92,/inventory,PUT,2.4229414761066437
93,/inventory,PUT,2.4229414761066437
94,/inventory,PUT,2.4229414761066437
95,/inventory,PUT,2.4229414761066437
96,/inventory,PUT,2.4229414761066437
97,/inventory,PUT,2.4229414761066437
98,/inventory,PUT,2.4229414761066437
99,/inventory,PUT,2.4229414761066437
100,/inventory,PUT,2.4229414761066437
101,/inventory,PUT,2.4229414761066437
102,/inventory,PUT,2.4229414761066437
103,/inventory,PUT,2.4229416251182556
104,/inventory,PUT,2.4229414761066437
105,/inventory,PUT,2.4229414761066437
106,/inventory,PUT,2.4229414761066437
107,/inventory,PUT,2.4229413270950317
108,/inventory,PUT,2.4229413270950317
109,/inventory,PUT,2.4229416251182556
110,/inventory,PUT,2.4229414761066437
111,/inventory,PUT,2.4229414761066437
112,/inventory,PUT,2.4229416251182556
113,/inventory,PUT,2.4229414761066437
114,/inventory,PUT,2.4229414761066437
115,/inventory,PUT,2.4229414761066437
116,/inventory,PUT,2.4229414761066437
117,/inventory,PUT,2.4229414761066437
118,/inventory,PUT,2.4229414761066437
119,/inventory,PUT,2.4229414761066437
120,/inventory,PUT,2.4229413270950317
121,/inventory,PUT,2.4229414761066437
122,/inventory,PUT,2.4229414761066437
123,/inventory,PUT,2.4229414761066437
124,/inventory,PUT,2.4229414761066437
125,/inventory,PUT,2.4229414761066437
126,/inventory,PUT,2.4229414761066437
127,/inventory,PUT,2.4229414761066437
128,/inventory,PUT,2.4229414761066437
129,/inventory,PUT,2.4229414761066437
130,/inventory,PUT,2.4229414761066437
131,/inventory,PUT,2.4229414761066437
132,/inventory,PUT,2.4229414761066437
133,/inventory,PUT,2.4229414761066437
134,/inventory,PUT,2.4229414761066437
135,/inventory,PUT,2.4229414761066437
136,/inventory,PUT,2.4229414761066437
137,/inventory,PUT,2.4229414761066437
138,/inventory,PUT,2.4229414761066437
139,/inventory,PUT,2.4229416251182556
140,/inventory,PUT,2.4229413270950317
141,/inventory,PUT,2.4229414761066437
142,/inventory,PUT,2.4229414761066437
143,/inventory,PUT,2.4229414761066437
144,/inventory,PUT,2.4229414761066437
145,/inventory,PUT,2.4229414761066437
146,/inventory,PUT,2.4229414761066437
147,/inventory,PUT,2.4229414761066437
148,/inventory,PUT,2.4229414761066437
149,/inventory,PUT,2.4229414761066437
150,/inventory,PUT,2.4229414761066437
151,/inventory,PUT,2.4229414761066437
152,/inventory,PUT,2.4229414761066437
153,/inventory,PUT,2.4229414761066437
154,/inventory,PUT,2.4229414761066437
155,/inventory,PUT,2.4229414761066437
156,/inventory,PUT,2.4229414761066437
157,/inventory,PUT,2.4229414761066437
158,/inventory,PUT,2.4229414761066437
159,/inventory,PUT,2.4229414761066437
160,/inventory,PUT,2.4229414761066437
161,/inventory,PUT,2.4229414761066437
162,/inventory,PUT,2.4229414761066437
163,/inventory,PUT,2.4229414761066437
164,/inventory,PUT,2.4229414761066437
165,/inventory,PUT,2.4229414761066437
166,/inventory,PUT,2.4229414761066437
167,/inventory,PUT,2.4229414761066437
168,/inventory,PUT,2.4229416251182556
169,/inventory,PUT,2.4229414761066437
170,/inventory,PUT,2.4229414761066437
171,/inventory,PUT,2.4229414761066437
172,/inventory,PUT,2.4229414761066437
173,/inventory,PUT,2.4229414761066437
174,/inventory,PUT,2.4229416251182556
175,/inventory,PUT,2.4229414761066437
176,/inventory,PUT,2.4229414761066437
177,/inventory,PUT,2.4229414761066437
178,/inventory,PUT,2.4229414761066437
179,/inventory,PUT,2.4229414761066437
1,/inventory,POST,2.718965936303139
2,/inventory,POST,3.03003907263279
3,/inventory,POST,3.037397718429566
4,/inventory,POST,2.9247986298799518
5,/inventory,POST,2.990861369967461
6,/inventory,POST,2.9810343760252
7,/inventory,POST,2.9559068357944493
8,/inventory,POST,2.982056335806847
9,/inventory,POST,2.9771047681570058
10,/inventory,POST,2.9722870427370074
11,/inventory,POST,2.9760251075029376
12,/inventory,POST,2.9756562978029253
13,/inventory,POST,2.974606974720955
14,/inventory,POST,2.9754317402839665
15,/inventory,POST,2.975031700730324
16,/inventory,POST,2.9750727456808095
17,/inventory,POST,2.9751601892709734
18,/inventory,POST,2.9750935655832293
19,/inventory,POST,2.9750962424278264
20,/inventory,POST,2.9751295542716982
21,/inventory,POST,2.9751024883985524
22,/inventory,POST,2.975114385485649
23,/inventory,POST,2.9751137906312946
24,/inventory,POST,2.9751117086410526
25,/inventory,POST,2.975112600922585
26,/inventory,POST,2.97511319577694
27,/inventory,POST,2.9751123034954072
28,/inventory,POST,2.975112600922585
29,/inventory,POST,2.975112600922585
30,/inventory,POST,2.975112600922585
31,/inventory,POST,2.975112600922585
32,/inventory,POST,2.975112600922585
33,/inventory,POST,2.975112600922585
34,/inventory,POST,2.975112600922585
35,/inventory,POST,2.975112600922585
36,/inventory,POST,2.975112600922585
37,/inventory,POST,2.975112600922585
38,/inventory,POST,2.975112600922585
39,/inventory,POST,2.975112600922585
40,/inventory,POST,2.975112600922585
41,/inventory,POST,2.975112600922585
42,/inventory,POST,2.975112600922585
43,/inventory,POST,2.975112600922585
44,/inventory,POST,2.975112600922585
45,/inventory,POST,2.975112600922585
46,/inventory,POST,2.975112600922585
47,/inventory,POST,2.975112600922585
48,/inventory,POST,2.975112600922585
49,/inventory,POST,2.975112600922585
50,/inventory,POST,2.975112600922585
51,/inventory,POST,2.975112600922585
52,/inventory,POST,2.975112600922585
53,/inventory,POST,2.975112600922585
54,/inventory,POST,2.975112600922585
55,/inventory,POST,2.975112600922585
56,/inventory,POST,2.975112600922585
57,/inventory,POST,2.975112600922585
58,/inventory,POST,2.975112600922585
59,/inventory,POST,2.975112600922585
60,/inventory,POST,2.975112600922585
61,/inventory,POST,2.975112600922585
62,/inventory,POST,2.975112600922585
63,/inventory,POST,2.975112600922585
64,/inventory,POST,2.975112600922585
65,/inventory,POST,2.975112600922585
66,/inventory,POST,2.975112600922585
67,/inventory,POST,2.975112600922585
68,/inventory,POST,2.975112600922585
69,/inventory,POST,2.975112600922585
70,/inventory,POST,2.975112600922585
71,/inventory,POST,2.975112600922585
72,/inventory,POST,2.975112600922585
73,/inventory,POST,2.975112600922585
74,/inventory,POST,2.975112600922585
75,/inventory,POST,2.975112600922585
76,/inventory,POST,2.975112600922585
77,/inventory,POST,2.975112600922585
78,/inventory,POST,2.975112600922585
79,/inventory,POST,2.975112600922585
80,/inventory,POST,2.975112600922585
81,/inventory,POST,2.975112600922585
82,/inventory,POST,2.975112600922585
83,/inventory,POST,2.975112600922585
84,/inventory,POST,2.975112600922585
85,/inventory,POST,2.975112600922585
86,/inventory,POST,2.975112600922585
87,/inventory,POST,2.975112600922585
88,/inventory,POST,2.975112600922585
89,/inventory,POST,2.975112600922585
90,/inventory,POST,2.975112600922585
91,/inventory,POST,2.975112600922585
92,/inventory,POST,2.975112600922585
93,/inventory,POST,2.975112600922585
94,/inventory,POST,2.975112600922585
95,/inventory,POST,2.975112600922585
96,/inventory,POST,2.975112600922585
97,/inventory,POST,2.975112600922585
98,/inventory,POST,2.975112600922585
99,/inventory,POST,2.975112600922585
100,/inventory,POST,2.975112600922585
101,/inventory,POST,2.975112600922585
102,/inventory,POST,2.975112600922585
103,/inventory,POST,2.975112600922585
104,/inventory,POST,2.975112600922585
105,/inventory,POST,2.975112600922585
106,/inventory,POST,2.975112600922585
107,/inventory,POST,2.975112600922585
108,/inventory,POST,2.975112600922585
109,/inventory,POST,2.975112600922585
110,/inventory,POST,2.975112600922585
111,/inventory,POST,2.975112600922585
112,/inventory,POST,2.975112600922585
113,/inventory,POST,2.975112600922585
114,/inventory,POST,2.975112600922585
115,/inventory,POST,2.975112600922585
116,/inventory,POST,2.975112600922585
117,/inventory,POST,2.975112600922585
118,/inventory,POST,2.975112600922585
119,/inventory,POST,2.975112600922585
120,/inventory,POST,2.975112600922585
121,/inventory,POST,2.975112600922585
122,/inventory,POST,2.975112600922585
123,/inventory,POST,2.975112600922585
124,/inventory,POST,2.975112600922585
125,/inventory,POST,2.975112600922585
126,/inventory,POST,2.975112600922585
127,/inventory,POST,2.975112600922585
128,/inventory,POST,2.975112600922585
129,/inventory,POST,2.975112600922585
130,/inventory,POST,2.975112600922585
131,/inventory,POST,2.975112600922585
132,/inventory,POST,2.975112600922585
133,/inventory,POST,2.975112600922585
134,/inventory,POST,2.975112600922585
135,/inventory,POST,2.975112600922585
136,/inventory,POST,2.975112600922585
137,/inventory,POST,2.975112600922585
138,/inventory,POST,2.975112600922585
139,/inventory,POST,2.975112600922585
140,/inventory,POST,2.975112600922585
141,/inventory,POST,2.975112600922585
142,/inventory,POST,2.975112600922585
143,/inventory,POST,2.975112600922585
144,/inventory,POST,2.975112600922585
145,/inventory,POST,2.975112600922585
146,/inventory,POST,2.975112600922585
147,/inventory,POST,2.975112600922585
148,/inventory,POST,2.975112600922585
149,/inventory,POST,2.975112600922585
150,/inventory,POST,2.975112600922585
151,/inventory,POST,2.975112600922585
152,/inventory,POST,2.975112600922585
153,/inventory,POST,2.975112600922585
154,/inventory,POST,2.975112600922585
155,/inventory,POST,2.975112600922585
156,/inventory,POST,2.975112600922585
157,/inventory,POST,2.975112600922585
158,/inventory,POST,2.975112600922585
159,/inventory,POST,2.975112600922585
160,/inventory,POST,2.975112600922585
161,/inventory,POST,2.975112600922585
162,/inventory,POST,2.975112600922585
163,/inventory,POST,2.975112600922585
164,/inventory,POST,2.975112600922585
165,/inventory,POST,2.975112600922585
166,/inventory,POST,2.975112600922585
167,/inventory,POST,2.975112600922585
168,/inventory,POST,2.975112600922585
169,/inventory,POST,2.975112600922585
170,/inventory,POST,2.975112600922585
171,/inventory,POST,2.975112600922585
172,/inventory,POST,2.975112600922585
173,/inventory,POST,2.975112600922585
174,/inventory,POST,2.975112600922585
175,/inventory,POST,2.975112600922585
176,/inventory,POST,2.975112600922585
177,/inventory,POST,2.975112600922585
178,/inventory,POST,2.975112600922585
179,/inventory,POST,2.975112600922585
