Day,Endpoint,Method,avg_response_time_ms
1,/price,GET,5.051639282787155
2,/price,GET,5.120794600420946
3,/price,GET,5.050548679511606
4,/price,GET,5.006361380187852
5,/price,GET,5.046264916569631
6,/price,GET,5.05474679298168
7,/price,GET,5.041116646538685
8,/price,GET,5.046006310422211
9,/price,GET,5.048068344482297
10,/price,GET,5.04565072696951
11,/price,GET,5.045212256931096
12,/price,GET,5.045654042432938
13,/price,GET,5.045770636230172
14,/price,GET,5.045602468557385
15,/price,GET,5.045561025264528
16,/price,GET,5.045686091912747
17,/price,GET,5.045684802565858
18,/price,GET,5.045625124224145
19,/price,GET,5.0456501743922715
20,/price,GET,5.04567061975008
21,/price,GET,5.0456529372784615
22,/price,GET,5.04565072696951
23,/price,GET,5.045657726281192
24,/price,GET,5.0456566211267155
25,/price,GET,5.0456543187215575
26,/price,GET,5.045655331779827
27,/price,GET,5.045655976453271
28,/price,GET,5.045655331779827
29,/price,GET,5.045655331779827
30,/price,GET,5.045655515972239
31,/price,GET,5.045655423876033
32,/price,GET,5.045655423876033
33,/price,GET,5.045655515972239
34,/price,GET,5.045655515972239
35,/price,GET,5.045655423876033
36,/price,GET,5.045655515972239
37,/price,GET,5.045655515972239
38,/price,GET,5.045655515972239
39,/price,GET,5.045655515972239
40,/price,GET,5.045655423876033
41,/price,GET,5.045655515972239
42,/price,GET,5.045655423876033
43,/price,GET,5.045655423876033
44,/price,GET,5.045655515972239
45,/price,GET,5.045655515972239
46,/price,GET,5.045655423876033
47,/price,GET,5.045655515972239
48,/price,GET,5.045655423876033
49,/price,GET,5.045655515972239
50,/price,GET,5.045655423876033
51,/price,GET,5.045655423876033
52,/price,GET,5.045655423876033
53,/price,GET,5.045655423876033
54,/price,GET,5.045655515972239
55,/price,GET,5.045655423876033
56,/price,GET,5.045655423876033
57,/price,GET,5.045655515972239
58,/price,GET,5.045655515972239
59,/price,GET,5.045655515972239
60,/price,GET,5.045655515972239
61,/price,GET,5.045655423876033
62,/price,GET,5.045655515972239
63,/price,GET,5.045655423876033
64,/price,GET,5.045655515972239
65,/price,GET,5.045655423876033
66,/price,GET,5.045655423876033
67,/price,GET,5.045655423876033
68,/price,GET,5.045655515972239
69,/price,GET,5.045655515972239
70,/price,GET,5.045655423876033
71,/price,GET,5.045655423876033
72,/price,GET,5.045655423876033
73,/price,GET,5.045655515972239
74,/price,GET,5.045655515972239
75,/price,GET,5.045655515972239
76,/price,GET,5.045655515972239
77,/price,GET,5.045655423876033
78,/price,GET,5.045655423876033
79,/price,GET,5.045655515972239
80,/price,GET,5.045655423876033
81,/price,GET,5.045655423876033
82,/price,GET,5.045655515972239
83,/price,GET,5.045655423876033
84,/price,GET,5.045655515972239
85,/price,GET,5.045655423876033
86,/price,GET,5.045655515972239
87,/price,GET,5.045655515972239
88,/price,GET,5.045655515972239
89,/price,GET,5.045655423876033
90,/price,GET,5.045655515972239
91,/price,GET,5.045655515972239
92,/price,GET,5.045655515972239
93,/price,GET,5.045655423876033
94,/price,GET,5.045655515972239
95,/price,GET,5.045655515972239
96,/price,GET,5.045655423876033
97,/price,GET,5.045655423876033
98,/price,GET,5.045655515972239
99,/price,GET,5.045655423876033
100,/price,GET,5.045655423876033
101,/price,GET,5.045655515972239
102,/price,GET,5.045655423876033
103,/price,GET,5.045655423876033
104,/price,GET,5.045655515972239
105,/price,GET,5.045655423876033
106,/price,GET,5.045655515972239
107,/price,GET,5.045655423876033
108,/price,GET,5.045655515972239
109,/price,GET,5.045655423876033
110,/price,GET,5.045655515972239
111,/price,GET,5.045655515972239
112,/price,GET,5.045655515972239
113,/price,GET,5.045655515972239
114,/price,GET,5.045655515972239
115,/price,GET,5.045655423876033
116,/price,GET,5.045655423876033
117,/price,GET,5.045655515972239
118,/price,GET,5.045655423876033
119,/price,GET,5.045655423876033
120,/price,GET,5.045655515972239
121,/price,GET,5.045655423876033
122,/price,GET,5.045655423876033
123,/price,GET,5.045655423876033
124,/price,GET,5.045655423876033
125,/price,GET,5.045655515972239
126,/price,GET,5.045655515972239
127,/price,GET,5.045655423876033
128,/price,GET,5.045655515972239
129,/price,GET,5.045655515972239
130,/price,GET,5.045655423876033
131,/price,GET,5.045655515972239
132,/price,GET,5.045655515972239
133,/price,GET,5.045655515972239
134,/price,GET,5.045655423876033
135,/price,GET,5.045655423876033
136,/price,GET,5.045655515972239
137,/price,GET,5.045655423876033
138,/price,GET,5.045655423876033
139,/price,GET,5.045655423876033
140,/price,GET,5.045655515972239
141,/price,GET,5.045655423876033
142,/price,GET,5.045655423876033
143,/price,GET,5.045655515972239
144,/price,GET,5.045655423876033
145,/price,GET,5.045655515972239
146,/price,GET,5.045655515972239
147,/price,GET,5.045655515972239
148,/price,GET,5.045655515972239
149,/price,GET,5.045655515972239
150,/price,GET,5.045655423876033
151,/price,GET,5.045655515972239
152,/price,GET,5.045655515972239
153,/price,GET,5.045655423876033
154,/price,GET,5.045655515972239
155,/price,GET,5.045655515972239
156,/price,GET,5.045655423876033
157,/price,GET,5.045655423876033
158,/price,GET,5.045655515972239
159,/price,GET,5.045655423876033
160,/price,GET,5.045655423876033
161,/price,GET,5.045655515972239
162,/price,GET,5.045655423876033
163,/price,GET,5.045655515972239
164,/price,GET,5.045655423876033
165,/price,GET,5.045655423876033
166,/price,GET,5.045655515972239
167,/price,GET,5.045655423876033
168,/price,GET,5.045655515972239
169,/price,GET,5.045655423876033
170,/price,GET,5.045655423876033
171,/price,GET,5.045655515972239
172,/price,GET,5.045655423876033
173,/price,GET,5.045655515972239
174,/price,GET,5.045655515972239
175,/price,GET,5.045655515972239
176,/price,GET,5.045655423876033
177,/price,GET,5.045655423876033
178,/price,GET,5.045655515972239
179,/price,GET,5.045655423876033
180,/price,GET,5.045655515972239
1,/price,PUT,5.208615180433278
2,/price,PUT,5.1583856071169345
3,/price,PUT,5.123146059504553
4,/price,PUT,5.188740413782669
5,/price,PUT,5.209289555288837
6,/price,PUT,5.1964408035924405
7,/price,PUT,5.17688430199822
8,/price,PUT,5.1662198380902105
9,/price,PUT,5.159549932935169
10,/price,PUT,5.15948864291271
11,/price,PUT,5.16236512027704
12,/price,PUT,5.165502080236825
13,/price,PUT,5.166589608918485
14,/price,PUT,5.166500443012315
15,/price,PUT,5.165613491467411
16,/price,PUT,5.164931732271796
17,/price,PUT,5.16460165227132
18,/price,PUT,5.164619836208706
19,/price,PUT,5.1648110906161415
20,/price,PUT,5.1649729922718555
21,/price,PUT,5.165051358580694
22,/price,PUT,5.165044620370393
23,/price,PUT,5.1650013296768185
24,/price,PUT,5.164960992719266
25,/price,PUT,5.164941793435122
26,/price,PUT,5.1649429933903805
27,/price,PUT,5.164952869945205
28,/price,PUT,5.164962377283026
29,/price,PUT,5.16496690019131
30,/price,PUT,5.164966715582809
31,/price,PUT,5.164964500280792
32,/price,PUT,5.164962284978776
33,/price,PUT,5.164961361936268
34,/price,PUT,5.1649611773277675
35,/price,PUT,5.164961823457522
36,/price,PUT,5.164962284978776
37,/price,PUT,5.164962469587277
38,/price,PUT,5.1649626541957785
39,/price,PUT,5.164962469587277
40,/price,PUT,5.164962284978776
41,/price,PUT,5.164962192674524
42,/price,PUT,5.164962284978776
43,/price,PUT,5.164962284978776
44,/price,PUT,5.164962284978776
45,/price,PUT,5.164962284978776
46,/price,PUT,5.164962284978776
47,/price,PUT,5.164962284978776
48,/price,PUT,5.164962377283026
49,/price,PUT,5.164962284978776
50,/price,PUT,5.164962284978776
51,/price,PUT,5.164962284978776
52,/price,PUT,5.164962284978776
53,/price,PUT,5.164962284978776
54,/price,PUT,5.164962284978776
55,/price,PUT,5.164962284978776
56,/price,PUT,5.164962284978776
57,/price,PUT,5.164962284978776
58,/price,PUT,5.164962284978776
59,/price,PUT,5.164962284978776
60,/price,PUT,5.164962284978776
61,/price,PUT,5.164962284978776
62,/price,PUT,5.164962284978776
63,/price,PUT,5.164962284978776
64,/price,PUT,5.164962284978776
65,/price,PUT,5.164962284978776
66,/price,PUT,5.164962284978776
67,/price,PUT,5.164962377283026
68,/price,PUT,5.164962284978776
69,/price,PUT,5.164962284978776
70,/price,PUT,5.164962284978776
71,/price,PUT,5.164962284978776
72,/price,PUT,5.164962284978776
73,/price,PUT,5.164962284978776
74,/price,PUT,5.164962284978776
75,/price,PUT,5.164962377283026
76,/price,PUT,5.164962284978776
77,/price,PUT,5.164962377283026
78,/price,PUT,5.164962284978776
79,/price,PUT,5.164962284978776
80,/price,PUT,5.164962284978776
81,/price,PUT,5.164962284978776
82,/price,PUT,5.164962284978776
83,/price,PUT,5.164962284978776
84,/price,PUT,5.164962284978776
85,/price,PUT,5.164962284978776
86,/price,PUT,5.164962284978776
87,/price,PUT,5.164962284978776
88,/price,PUT,5.164962284978776
89,/price,PUT,5.164962284978776
90,/price,PUT,5.164962284978776
91,/price,PUT,5.164962284978776
92,/price,PUT,5.164962284978776
93,/price,PUT,5.164962284978776
94,/price,PUT,5.164962377283026
95,/price,PUT,5.164962284978776
96,/price,PUT,5.164962377283026
97,/price,PUT,5.164962284978776
98,/price,PUT,5.164962377283026
99,/price,PUT,5.164962284978776
100,/price,PUT,5.164962284978776
101,/price,PUT,5.164962284978776
102,/price,PUT,5.164962377283026
103,/price,PUT,5.164962377283026
104,/price,PUT,5.164962377283026
105,/price,PUT,5.164962377283026
106,/price,PUT,5.164962284978776
107,/price,PUT,5.164962284978776
108,/price,PUT,5.164962284978776
109,/price,PUT,5.164962284978776
110,/price,PUT,5.164962284978776
111,/price,PUT,5.164962377283026
112,/price,PUT,5.164962284978776
113,/price,PUT,5.164962284978776
114,/price,PUT,5.164962284978776
115,/price,PUT,5.164962284978776
116,/price,PUT,5.164962284978776
117,/price,PUT,5.164962284978776
118,/price,PUT,5.164962284978776
119,/price,PUT,5.164962284978776
120,/price,PUT,5.164962284978776
121,/price,PUT,5.164962284978776
122,/price,PUT,5.164962284978776
123,/price,PUT,5.164962284978776
124,/price,PUT,5.164962284978776
125,/price,PUT,5.164962284978776
126,/price,PUT,5.164962377283026
127,/price,PUT,5.164962377283026
128,/price,PUT,5.164962284978776
129,/price,PUT,5.164962377283026
130,/price,PUT,5.164962284978776
131,/price,PUT,5.164962284978776
132,/price,PUT,5.164962284978776
133,/price,PUT,5.164962284978776
134,/price,PUT,5.164962284978776
135,/price,PUT,5.164962284978776
136,/price,PUT,5.164962284978776
137,/price,PUT,5.164962284978776
138,/price,PUT,5.164962284978776
139,/price,PUT,5.164962284978776
140,/price,PUT,5.164962284978776
141,/price,PUT,5.164962284978776
142,/price,PUT,5.164962284978776
143,/price,PUT,5.164962377283026
144,/price,PUT,5.164962284978776
145,/price,PUT,5.164962284978776
146,/price,PUT,5.164962284978776
147,/price,PUT,5.164962284978776
148,/price,PUT,5.164962284978776
149,/price,PUT,5.164962284978776
150,/price,PUT,5.164962284978776
151,/price,PUT,5.164962284978776
152,/price,PUT,5.164962284978776
153,/price,PUT,5.164962284978776
154,/price,PUT,5.164962284978776
155,/price,PUT,5.164962284978776
156,/price,PUT,5.164962284978776
157,/price,PUT,5.164962284978776
158,/price,PUT,5.164962284978776
159,/price,PUT,5.164962284978776
160,/price,PUT,5.164962284978776
161,/price,PUT,5.164962284978776
162,/price,PUT,5.164962284978776
163,/price,PUT,5.164962284978776
164,/price,PUT,5.164962284978776
165,/price,PUT,5.164962284978776
166,/price,PUT,5.164962284978776
167,/price,PUT,5.164962284978776
168,/price,PUT,5.164962284978776
169,/price,PUT,5.164962284978776
170,/price,PUT,5.164962284978776
171,/price,PUT,5.164962284978776
172,/price,PUT,5.164962284978776
173,/price,PUT,5.164962284978776
174,/price,PUT,5.164962284978776
175,/price,PUT,5.164962284978776
176,/price,PUT,5.164962284978776
177,/price,PUT,5.164962284978776
178,/price,PUT,5.164962284978776
179,/price,PUT,5.164962284978776
180,/price,PUT,5.164962284978776
1,/price,POST,5.142453414695488
2,/price,POST,5.029726784952736
3,/price,POST,5.019171102106219
4,/price,POST,5.068926508916059
5,/price,POST,5.064231339432295
6,/price,POST,5.043588705206224
7,/price,POST,5.03377164889387
8,/price,POST,5.031359124932774
9,/price,POST,5.033854855122709
10,/price,POST,5.0352491759673415
11,/price,POST,5.03566602912697
12,/price,POST,5.036080598910397
13,/price,POST,5.036084526317466
14,/price,POST,5.035975928945248
15,/price,POST,5.035866326887502
16,/price,POST,5.03589171803088
17,/price,POST,5.035919666555605
18,/price,POST,5.0359153738083435
19,/price,POST,5.03589948150997
20,/price,POST,5.035894914757565
21,/price,POST,5.035901399545981
22,/price,POST,5.035906514308675
23,/price,POST,5.035906879648868
24,/price,POST,5.035905052947906
25,/price,POST,5.035903956927329
26,/price,POST,5.035903956927329
27,/price,POST,5.035904230932473
28,/price,POST,5.035904322267521
29,/price,POST,5.035904322267521
30,/price,POST,5.035904322267521
31,/price,POST,5.035904322267521
32,/price,POST,5.035904322267521
33,/price,POST,5.035904322267521
34,/price,POST,5.035904322267521
35,/price,POST,5.035904322267521
36,/price,POST,5.035904322267521
37,/price,POST,5.035904322267521
38,/price,POST,5.035904322267521
39,/price,POST,5.035904322267521
40,/price,POST,5.035904322267521
41,/price,POST,5.035904322267521
42,/price,POST,5.035904322267521
43,/price,POST,5.035904322267521
44,/price,POST,5.035904322267521
45,/price,POST,5.035904322267521
46,/price,POST,5.035904322267521
47,/price,POST,5.035904322267521
48,/price,POST,5.035904322267521
49,/price,POST,5.035904322267521
50,/price,POST,5.035904322267521
51,/price,POST,5.0359044136025695
52,/price,POST,5.035904322267521
53,/price,POST,5.035904322267521
54,/price,POST,5.035904322267521
55,/price,POST,5.035904322267521
56,/price,POST,5.035904322267521
57,/price,POST,5.035904322267521
58,/price,POST,5.035904322267521
59,/price,POST,5.035904322267521
60,/price,POST,5.035904322267521
61,/price,POST,5.035904322267521
62,/price,POST,5.035904322267521
63,/price,POST,5.035904322267521
64,/price,POST,5.035904322267521
65,/price,POST,5.035904322267521
66,/price,POST,5.035904322267521
67,/price,POST,5.035904322267521
68,/price,POST,5.035904322267521
69,/price,POST,5.035904322267521
70,/price,POST,5.035904322267521
71,/price,POST,5.035904322267521
72,/price,POST,5.035904322267521
73,/price,POST,5.035904322267521
74,/price,POST,5.035904322267521
75,/price,POST,5.035904322267521
76,/price,POST,5.035904322267521
77,/price,POST,5.035904322267521
78,/price,POST,5.035904322267521
79,/price,POST,5.035904322267521
80,/price,POST,5.035904322267521
81,/price,POST,5.035904322267521
82,/price,POST,5.035904322267521
83,/price,POST,5.035904322267521
84,/price,POST,5.035904322267521
85,/price,POST,5.035904322267521
86,/price,POST,5.035904322267521
87,/price,POST,5.035904322267521
88,/price,POST,5.035904322267521
89,/price,POST,5.035904322267521
90,/price,POST,5.035904322267521
91,/price,POST,5.035904322267521
92,/price,POST,5.035904322267521
93,/price,POST,5.035904322267521
94,/price,POST,5.035904322267521
95,/price,POST,5.035904322267521
96,/price,POST,5.035904322267521
97,/price,POST,5.035904322267521
98,/price,POST,5.035904322267521
99,/price,POST,5.035904322267521
100,/price,POST,5.035904322267521
101,/price,POST,5.035904322267521
102,/price,POST,5.035904322267521
103,/price,POST,5.035904322267521
104,/price,POST,5.035904322267521
105,/price,POST,5.035904322267521
106,/price,POST,5.035904322267521
107,/price,POST,5.035904322267521
108,/price,POST,5.035904322267521
109,/price,POST,5.035904322267521
110,/price,POST,5.035904322267521
111,/price,POST,5.035904322267521
112,/price,POST,5.035904322267521
113,/price,POST,5.035904322267521
114,/price,POST,5.035904322267521
115,/price,POST,5.035904322267521
116,/price,POST,5.035904322267521
117,/price,POST,5.035904322267521
118,/price,POST,5.035904322267521
119,/price,POST,5.035904322267521
120,/price,POST,5.035904322267521
121,/price,POST,5.035904322267521
122,/price,POST,5.035904322267521
123,/price,POST,5.035904322267521
124,/price,POST,5.035904322267521
125,/price,POST,5.035904322267521
126,/price,POST,5.035904322267521
127,/price,POST,5.035904322267521
128,/price,POST,5.035904322267521
129,/price,POST,5.035904322267521
130,/price,POST,5.035904322267521
131,/price,POST,5.035904322267521
132,/price,POST,5.035904322267521
133,/price,POST,5.035904322267521
134,/price,POST,5.035904322267521
135,/price,POST,5.035904322267521
136,/price,POST,5.035904322267521
137,/price,POST,5.035904322267521
138,/price,POST,5.035904322267521
139,/price,POST,5.035904322267521
140,/price,POST,5.035904322267521
141,/price,POST,5.035904322267521
142,/price,POST,5.035904322267521
143,/price,POST,5.035904322267521
144,/price,POST,5.035904322267521
145,/price,POST,5.035904322267521
146,/price,POST,5.035904322267521
147,/price,POST,5.035904322267521
148,/price,POST,5.035904322267521
149,/price,POST,5.035904322267521
150,/price,POST,5.035904322267521
151,/price,POST,5.035904322267521
152,/price,POST,5.035904322267521
153,/price,POST,5.035904322267521
154,/price,POST,5.035904322267521
155,/price,POST,5.035904322267521
156,/price,POST,5.035904322267521
157,/price,POST,5.035904322267521
158,/price,POST,5.035904322267521
159,/price,POST,5.035904322267521
160,/price,POST,5.035904322267521
161,/price,POST,5.035904322267521
162,/price,POST,5.035904322267521
163,/price,POST,5.035904322267521
164,/price,POST,5.035904322267521
165,/price,POST,5.035904322267521
166,/price,POST,5.035904322267521
167,/price,POST,5.035904322267521
168,/price,POST,5.035904322267521
169,/price,POST,5.035904322267521
170,/price,POST,5.035904322267521
171,/price,POST,5.035904322267521
172,/price,POST,5.035904322267521
173,/price,POST,5.035904322267521
174,/price,POST,5.035904322267521
175,/price,POST,5.035904322267521
176,/price,POST,5.035904322267521
177,/price,POST,5.035904322267521
178,/price,POST,5.035904322267521
179,/price,POST,5.035904322267521
180,/price,POST,5.035904322267521
1,/users,GET,5.036392659547671
2,/users,GET,5.012092102767969
3,/users,GET,5.008620847566745
4,/users,GET,5.058185043023109
5,/users,GET,5.035316450935239
6,/users,GET,5.028050493726589
7,/users,GET,5.030679140786528
8,/users,GET,5.031608231557714
9,/users,GET,5.03022415540506
10,/users,GET,5.030885034949426
11,/users,GET,5.030794746021586
12,/users,GET,5.031018343895825
13,/users,GET,5.030803863432927
14,/users,GET,5.030836172706125
15,/users,GET,5.030871314573137
16,/users,GET,5.030846263821589
17,/users,GET,5.030858125308188
18,/users,GET,5.0308574171597344
19,/users,GET,5.030858833456642
20,/users,GET,5.03085511567726
21,/users,GET,5.0308573286411775
22,/users,GET,5.030856797529837
23,/users,GET,5.030857063085508
24,/users,GET,5.030856709011281
25,/users,GET,5.030856974566951
26,/users,GET,5.030856886048394
27,/users,GET,5.030856886048394
28,/users,GET,5.030856886048394
29,/users,GET,5.030856886048394
30,/users,GET,5.030856886048394
31,/users,GET,5.030856886048394
32,/users,GET,5.030856886048394
33,/users,GET,5.030856886048394
34,/users,GET,5.030856886048394
35,/users,GET,5.030856886048394
36,/users,GET,5.030856886048394
37,/users,GET,5.030856886048394
38,/users,GET,5.030856886048394
39,/users,GET,5.030856886048394
40,/users,GET,5.030856886048394
41,/users,GET,5.030856886048394
42,/users,GET,5.030856886048394
43,/users,GET,5.030856886048394
44,/users,GET,5.030856886048394
45,/users,GET,5.030856886048394
46,/users,GET,5.030856886048394
47,/users,GET,5.030856886048394
48,/users,GET,5.030856886048394
49,/users,GET,5.030856886048394
50,/users,GET,5.030856886048394
51,/users,GET,5.030856886048394
52,/users,GET,5.030856886048394
53,/users,GET,5.030856886048394
54,/users,GET,5.030856886048394
55,/users,GET,5.030856886048394
56,/users,GET,5.030856886048394
57,/users,GET,5.030856886048394
58,/users,GET,5.030856886048394
59,/users,GET,5.030856886048394
60,/users,GET,5.030856886048394
61,/users,GET,5.030856886048394
62,/users,GET,5.030856886048394
63,/users,GET,5.030856886048394
64,/users,GET,5.030856886048394
65,/users,GET,5.030856886048394
66,/users,GET,5.030856886048394
67,/users,GET,5.030856886048394
68,/users,GET,5.030856886048394
69,/users,GET,5.030856886048394
70,/users,GET,5.030856886048394
71,/users,GET,5.030856886048394
72,/users,GET,5.030856886048394
73,/users,GET,5.030856886048394
74,/users,GET,5.030856886048394
75,/users,GET,5.030856886048394
76,/users,GET,5.030856886048394
77,/users,GET,5.030856886048394
78,/users,GET,5.030856886048394
79,/users,GET,5.030856886048394
80,/users,GET,5.030856886048394
81,/users,GET,5.030856886048394
82,/users,GET,5.030856886048394
83,/users,GET,5.030856886048394
84,/users,GET,5.030856886048394
85,/users,GET,5.030856886048394
86,/users,GET,5.030856886048394
87,/users,GET,5.030856886048394
88,/users,GET,5.030856886048394
89,/users,GET,5.030856886048394
90,/users,GET,5.030856886048394
91,/users,GET,5.030856886048394
92,/users,GET,5.030856886048394
93,/users,GET,5.030856886048394
94,/users,GET,5.030856886048394
95,/users,GET,5.030856886048394
96,/users,GET,5.030856886048394
97,/users,GET,5.030856886048394
98,/users,GET,5.030856886048394
99,/users,GET,5.030856886048394
100,/users,GET,5.030856886048394
101,/users,GET,5.030856886048394
102,/users,GET,5.030856886048394
103,/users,GET,5.030856886048394
104,/users,GET,5.030856886048394
105,/users,GET,5.030856886048394
106,/users,GET,5.030856886048394
107,/users,GET,5.030856886048394
108,/users,GET,5.030856886048394
109,/users,GET,5.030856886048394
110,/users,GET,5.030856886048394
111,/users,GET,5.030856886048394
112,/users,GET,5.030856886048394
113,/users,GET,5.030856886048394
114,/users,GET,5.030856886048394
115,/users,GET,5.030856886048394
116,/users,GET,5.030856886048394
117,/users,GET,5.030856886048394
118,/users,GET,5.030856886048394
119,/users,GET,5.030856886048394
120,/users,GET,5.030856886048394
121,/users,GET,5.030856886048394
122,/users,GET,5.030856886048394
123,/users,GET,5.030856886048394
124,/users,GET,5.030856886048394
125,/users,GET,5.030856886048394
126,/users,GET,5.030856886048394
127,/users,GET,5.030856886048394
128,/users,GET,5.030856886048394
129,/users,GET,5.030856886048394
130,/users,GET,5.030856886048394
131,/users,GET,5.030856886048394
132,/users,GET,5.030856886048394
133,/users,GET,5.030856886048394
134,/users,GET,5.030856886048394
135,/users,GET,5.030856886048394
136,/users,GET,5.030856886048394
137,/users,GET,5.030856886048394
138,/users,GET,5.030856886048394
139,/users,GET,5.030856886048394
140,/users,GET,5.030856886048394
141,/users,GET,5.030856886048394
142,/users,GET,5.030856886048394
143,/users,GET,5.030856886048394
144,/users,GET,5.030856886048394
145,/users,GET,5.030856886048394
146,/users,GET,5.030856886048394
147,/users,GET,5.030856886048394
148,/users,GET,5.030856886048394
149,/users,GET,5.030856886048394
150,/users,GET,5.030856886048394
151,/users,GET,5.030856886048394
152,/users,GET,5.030856886048394
153,/users,GET,5.030856886048394
154,/users,GET,5.030856886048394
155,/users,GET,5.030856886048394
156,/users,GET,5.030856886048394
157,/users,GET,5.030856886048394
158,/users,GET,5.030856886048394
159,/users,GET,5.030856886048394
160,/users,GET,5.030856886048394
161,/users,GET,5.030856886048394
162,/users,GET,5.030856886048394
163,/users,GET,5.030856886048394
164,/users,GET,5.030856886048394
165,/users,GET,5.030856886048394
166,/users,GET,5.030856886048394
167,/users,GET,5.030856886048394
168,/users,GET,5.030856886048394
169,/users,GET,5.030856886048394
170,/users,GET,5.030856886048394
171,/users,GET,5.030856886048394
172,/users,GET,5.030856886048394
173,/users,GET,5.030856886048394
174,/users,GET,5.030856886048394
175,/users,GET,5.030856886048394
176,/users,GET,5.030856886048394
177,/users,GET,5.030856886048394
178,/users,GET,5.030856886048394
179,/users,GET,5.030856886048394
180,/users,GET,5.030856886048394
1,/users,PUT,5.238120749555942
2,/users,PUT,5.2838616011415205
3,/users,PUT,5.246431347590227
4,/users,PUT,5.272817270098093
5,/users,PUT,5.283989632582635
6,/users,PUT,5.275183944152355
7,/users,PUT,5.272994899304685
8,/users,PUT,5.271856457571528
9,/users,PUT,5.2721119880984935
10,/users,PUT,5.272191752662293
11,/users,PUT,5.272151027484557
12,/users,PUT,5.27227329174364
13,/users,PUT,5.272303281090207
14,/users,PUT,5.272326083640704
15,/users,PUT,5.272284914833582
16,/users,PUT,5.272297247730543
17,/users,PUT,5.272300530588008
18,/users,PUT,5.2722927227107945
19,/users,PUT,5.272292367807285
20,/users,PUT,5.272290593289736
21,/users,PUT,5.27228979475684
22,/users,PUT,5.272289883482717
23,/users,PUT,5.27228943985333
24,/users,PUT,5.27228943985333
25,/users,PUT,5.27228943985333
26,/users,PUT,5.27228943985333
27,/users,PUT,5.27228943985333
28,/users,PUT,5.27228943985333
29,/users,PUT,5.27228943985333
30,/users,PUT,5.27228943985333
31,/users,PUT,5.27228943985333
32,/users,PUT,5.27228943985333
33,/users,PUT,5.27228943985333
34,/users,PUT,5.27228943985333
35,/users,PUT,5.27228943985333
36,/users,PUT,5.27228943985333
37,/users,PUT,5.27228943985333
38,/users,PUT,5.27228943985333
39,/users,PUT,5.27228943985333
40,/users,PUT,5.27228943985333
41,/users,PUT,5.27228943985333
42,/users,PUT,5.27228943985333
43,/users,PUT,5.27228943985333
44,/users,PUT,5.27228943985333
45,/users,PUT,5.27228943985333
46,/users,PUT,5.27228943985333
47,/users,PUT,5.27228943985333
48,/users,PUT,5.27228943985333
49,/users,PUT,5.27228943985333
50,/users,PUT,5.27228943985333
51,/users,PUT,5.27228943985333
52,/users,PUT,5.27228943985333
53,/users,PUT,5.27228943985333
54,/users,PUT,5.27228943985333
55,/users,PUT,5.27228943985333
56,/users,PUT,5.27228943985333
57,/users,PUT,5.27228943985333
58,/users,PUT,5.27228943985333
59,/users,PUT,5.27228943985333
60,/users,PUT,5.27228943985333
61,/users,PUT,5.27228943985333
62,/users,PUT,5.27228943985333
63,/users,PUT,5.27228943985333
64,/users,PUT,5.27228943985333
65,/users,PUT,5.27228943985333
66,/users,PUT,5.27228943985333
67,/users,PUT,5.27228943985333
68,/users,PUT,5.27228943985333
69,/users,PUT,5.27228943985333
70,/users,PUT,5.27228943985333
71,/users,PUT,5.27228943985333
72,/users,PUT,5.27228943985333
73,/users,PUT,5.27228943985333
74,/users,PUT,5.27228943985333
75,/users,PUT,5.27228943985333
76,/users,PUT,5.27228943985333
77,/users,PUT,5.27228943985333
78,/users,PUT,5.27228943985333
79,/users,PUT,5.27228943985333
80,/users,PUT,5.27228943985333
81,/users,PUT,5.27228943985333
82,/users,PUT,5.27228943985333
83,/users,PUT,5.27228943985333
84,/users,PUT,5.27228943985333
85,/users,PUT,5.27228943985333
86,/users,PUT,5.27228943985333
87,/users,PUT,5.27228943985333
88,/users,PUT,5.27228943985333
89,/users,PUT,5.27228943985333
90,/users,PUT,5.27228943985333
91,/users,PUT,5.27228943985333
92,/users,PUT,5.27228943985333
93,/users,PUT,5.27228943985333
94,/users,PUT,5.27228943985333
95,/users,PUT,5.27228943985333
96,/users,PUT,5.27228943985333
97,/users,PUT,5.27228943985333
98,/users,PUT,5.27228943985333
99,/users,PUT,5.27228943985333
100,/users,PUT,5.27228943985333
101,/users,PUT,5.27228943985333
102,/users,PUT,5.27228943985333
103,/users,PUT,5.27228943985333
104,/users,PUT,5.27228943985333
105,/users,PUT,5.27228943985333
106,/users,PUT,5.27228943985333
107,/users,PUT,5.27228943985333
108,/users,PUT,5.27228943985333
109,/users,PUT,5.27228943985333
110,/users,PUT,5.27228943985333
111,/users,PUT,5.27228943985333
112,/users,PUT,5.27228943985333
113,/users,PUT,5.27228943985333
114,/users,PUT,5.27228943985333
115,/users,PUT,5.27228943985333
116,/users,PUT,5.27228943985333
117,/users,PUT,5.27228943985333
118,/users,PUT,5.27228943985333
119,/users,PUT,5.27228943985333
120,/users,PUT,5.27228943985333
121,/users,PUT,5.27228943985333
122,/users,PUT,5.27228943985333
123,/users,PUT,5.27228943985333
124,/users,PUT,5.27228943985333
125,/users,PUT,5.27228943985333
126,/users,PUT,5.27228943985333
127,/users,PUT,5.27228943985333
128,/users,PUT,5.27228943985333
129,/users,PUT,5.27228943985333
130,/users,PUT,5.27228943985333
131,/users,PUT,5.27228943985333
132,/users,PUT,5.27228943985333
133,/users,PUT,5.27228943985333
134,/users,PUT,5.27228943985333
135,/users,PUT,5.27228943985333
136,/users,PUT,5.27228943985333
137,/users,PUT,5.27228943985333
138,/users,PUT,5.27228943985333
139,/users,PUT,5.27228943985333
140,/users,PUT,5.27228943985333
141,/users,PUT,5.27228943985333
142,/users,PUT,5.27228943985333
143,/users,PUT,5.27228943985333
144,/users,PUT,5.27228943985333
145,/users,PUT,5.27228943985333
146,/users,PUT,5.27228943985333
147,/users,PUT,5.27228943985333
148,/users,PUT,5.27228943985333
149,/users,PUT,5.27228943985333
150,/users,PUT,5.27228943985333
151,/users,PUT,5.27228943985333
152,/users,PUT,5.27228943985333
153,/users,PUT,5.27228943985333
154,/users,PUT,5.27228943985333
155,/users,PUT,5.27228943985333
156,/users,PUT,5.27228943985333
157,/users,PUT,5.27228943985333
158,/users,PUT,5.27228943985333
159,/users,PUT,5.27228943985333
160,/users,PUT,5.27228943985333
161,/users,PUT,5.27228943985333
162,/users,PUT,5.27228943985333
163,/users,PUT,5.27228943985333
164,/users,PUT,5.27228943985333
165,/users,PUT,5.27228943985333
166,/users,PUT,5.27228943985333
167,/users,PUT,5.27228943985333
168,/users,PUT,5.27228943985333
169,/users,PUT,5.27228943985333
170,/users,PUT,5.27228943985333
171,/users,PUT,5.27228943985333
172,/users,PUT,5.27228943985333
173,/users,PUT,5.27228943985333
174,/users,PUT,5.27228943985333
175,/users,PUT,5.27228943985333
176,/users,PUT,5.27228943985333
177,/users,PUT,5.27228943985333
178,/users,PUT,5.27228943985333
179,/users,PUT,5.27228943985333
180,/users,PUT,5.27228943985333
1,/users,POST,4.967487626262406
2,/users,POST,4.970638411950442
3,/users,POST,4.9972436288102315
4,/users,POST,4.993417515412912
5,/users,POST,4.997564873492236
6,/users,POST,5.001189048913061
7,/users,POST,5.001973867518127
8,/users,POST,5.000265024279126
9,/users,POST,4.99998643375212
10,/users,POST,4.99952767849929
11,/users,POST,4.999347156834929
12,/users,POST,4.999312266093079
13,/users,POST,4.999313783081854
14,/users,POST,4.999267381072231
15,/users,POST,4.99931619241697
16,/users,POST,4.999314407724292
17,/users,POST,4.999320386444762
18,/users,POST,4.999317620171112
19,/users,POST,4.999319583333057
20,/users,POST,4.999319761802325
21,/users,POST,4.9993194048637895
22,/users,POST,4.999319226394522
23,/users,POST,4.999320029506227
24,/users,POST,4.999319226394522
25,/users,POST,4.999319583333057
26,/users,POST,4.999319583333057
27,/users,POST,4.9993194048637895
28,/users,POST,4.999319583333057
29,/users,POST,4.999319583333057
30,/users,POST,4.9993194048637895
31,/users,POST,4.999319494098423
32,/users,POST,4.999319494098423
33,/users,POST,4.999319583333057
34,/users,POST,4.999319583333057
35,/users,POST,4.999319494098423
36,/users,POST,4.999319494098423
37,/users,POST,4.9993194048637895
38,/users,POST,4.9993194048637895
39,/users,POST,4.999319583333057
40,/users,POST,4.999319494098423
41,/users,POST,4.9993194048637895
42,/users,POST,4.999319494098423
43,/users,POST,4.9993194048637895
44,/users,POST,4.999319494098423
45,/users,POST,4.999319583333057
46,/users,POST,4.9993194048637895
47,/users,POST,4.999319494098423
48,/users,POST,4.999319494098423
49,/users,POST,4.9993194048637895
50,/users,POST,4.999319494098423
51,/users,POST,4.9993194048637895
52,/users,POST,4.9993194048637895
53,/users,POST,4.999319494098423
54,/users,POST,4.9993194048637895
55,/users,POST,4.999319494098423
56,/users,POST,4.999319494098423
57,/users,POST,4.9993194048637895
58,/users,POST,4.999319494098423
59,/users,POST,4.999319494098423
60,/users,POST,4.9993194048637895
61,/users,POST,4.999319494098423
62,/users,POST,4.999319583333057
63,/users,POST,4.999319494098423
64,/users,POST,4.999319494098423
65,/users,POST,4.999319583333057
66,/users,POST,4.9993194048637895
67,/users,POST,4.9993194048637895
68,/users,POST,4.999319494098423
69,/users,POST,4.9993194048637895
70,/users,POST,4.9993194048637895
71,/users,POST,4.999319583333057
72,/users,POST,4.9993194048637895
73,/users,POST,4.9993194048637895
74,/users,POST,4.999319494098423
75,/users,POST,4.9993194048637895
76,/users,POST,4.999319494098423
77,/users,POST,4.999319494098423
78,/users,POST,4.999319494098423
79,/users,POST,4.999319494098423
80,/users,POST,4.9993194048637895
81,/users,POST,4.9993194048637895
82,/users,POST,4.999319494098423
83,/users,POST,4.999319494098423
84,/users,POST,4.9993194048637895
85,/users,POST,4.999319494098423
86,/users,POST,4.9993194048637895
87,/users,POST,4.999319583333057
88,/users,POST,4.999319494098423
89,/users,POST,4.999319494098423
90,/users,POST,4.9993194048637895
91,/users,POST,4.999319583333057
92,/users,POST,4.999319494098423
93,/users,POST,4.999319494098423
94,/users,POST,4.999319494098423
95,/users,POST,4.9993194048637895
96,/users,POST,4.999319494098423
97,/users,POST,4.999319494098423
98,/users,POST,4.999319583333057
99,/users,POST,4.999319494098423
100,/users,POST,4.9993194048637895
101,/users,POST,4.999319494098423
102,/users,POST,4.999319494098423
103,/users,POST,4.9993194048637895
104,/users,POST,4.999319494098423
105,/users,POST,4.9993194048637895
106,/users,POST,4.999319583333057
107,/users,POST,4.999319494098423
108,/users,POST,4.9993194048637895
109,/users,POST,4.999319494098423
110,/users,POST,4.9993194048637895
111,/users,POST,4.9993194048637895
112,/users,POST,4.999319494098423
113,/users,POST,4.999319494098423
114,/users,POST,4.9993194048637895
115,/users,POST,4.9993194048637895
116,/users,POST,4.999319494098423
117,/users,POST,4.999319583333057
118,/users,POST,4.999319494098423
119,/users,POST,4.9993194048637895
120,/users,POST,4.9993194048637895
121,/users,POST,4.999319494098423
122,/users,POST,4.999319494098423
123,/users,POST,4.999319494098423
124,/users,POST,4.999319494098423
125,/users,POST,4.999319494098423
126,/users,POST,4.9993194048637895
127,/users,POST,4.999319583333057
128,/users,POST,4.9993194048637895
129,/users,POST,4.9993194048637895
130,/users,POST,4.9993194048637895
131,/users,POST,4.9993194048637895
132,/users,POST,4.9993194048637895
133,/users,POST,4.999319494098423
134,/users,POST,4.9993194048637895
135,/users,POST,4.9993194048637895
136,/users,POST,4.999319494098423
137,/users,POST,4.999319494098423
138,/users,POST,4.999319494098423
139,/users,POST,4.999319583333057
140,/users,POST,4.999319494098423
141,/users,POST,4.9993194048637895
142,/users,POST,4.999319583333057
143,/users,POST,4.9993194048637895
144,/users,POST,4.999319583333057
145,/users,POST,4.9993194048637895
146,/users,POST,4.999319494098423
147,/users,POST,4.9993194048637895
148,/users,POST,4.9993194048637895
149,/users,POST,4.9993194048637895
150,/users,POST,4.999319494098423
151,/users,POST,4.999319494098423
152,/users,POST,4.999319494098423
153,/users,POST,4.999319494098423
154,/users,POST,4.9993194048637895
155,/users,POST,4.9993194048637895
156,/users,POST,4.9993194048637895
157,/users,POST,4.9993194048637895
158,/users,POST,4.9993194048637895
159,/users,POST,4.999319583333057
160,/users,POST,4.9993194048637895
161,/users,POST,4.9993194048637895
162,/users,POST,4.9993194048637895
163,/users,POST,4.999319583333057
164,/users,POST,4.999319494098423
165,/users,POST,4.9993194048637895
166,/users,POST,4.999319494098423
167,/users,POST,4.9993194048637895
168,/users,POST,4.9993194048637895
169,/users,POST,4.9993194048637895
170,/users,POST,4.999319494098423
171,/users,POST,4.999319494098423
172,/users,POST,4.999319494098423
173,/users,POST,4.9993194048637895
174,/users,POST,4.9993194048637895
175,/users,POST,4.9993194048637895
176,/users,POST,4.9993194048637895
177,/users,POST,4.9993194048637895
178,/users,POST,4.999319494098423
179,/users,POST,4.9993194048637895
180,/users,POST,4.999319494098423
1,/orders,GET,5.122208559554927
2,/orders,GET,5.136693348223241
3,/orders,GET,5.162604092926994
4,/orders,GET,5.157568291274531
5,/orders,GET,5.160373933138229
6,/orders,GET,5.165223332313631
7,/orders,GET,5.163933099900846
8,/orders,GET,5.163236402856336
9,/orders,GET,5.163014605252429
10,/orders,GET,5.161865419752153
11,/orders,GET,5.161158584404978
12,/orders,GET,5.1613524572103175
13,/orders,GET,5.1616287704241675
14,/orders,GET,5.161768127619565
15,/orders,GET,5.161843631294672
16,/orders,GET,5.16184772218873
17,/orders,GET,5.161812593859322
18,/orders,GET,5.161786091980427
19,/orders,GET,5.161774797555529
20,/orders,GET,5.161773463568336
21,/orders,GET,5.161775953677762
22,/orders,GET,5.161778265922229
23,/orders,GET,5.161779688841902
24,/orders,GET,5.161780222436779
25,/orders,GET,5.161780489234217
26,/orders,GET,5.161780311369259
27,/orders,GET,5.161780400301738
28,/orders,GET,5.161780133504299
29,/orders,GET,5.161780044571819
30,/orders,GET,5.16177995563934
31,/orders,GET,5.16177995563934
32,/orders,GET,5.16177995563934
33,/orders,GET,5.161780044571819
34,/orders,GET,5.161780044571819
35,/orders,GET,5.161780044571819
36,/orders,GET,5.161780044571819
37,/orders,GET,5.161780044571819
38,/orders,GET,5.161780044571819
39,/orders,GET,5.161780044571819
40,/orders,GET,5.161780044571819
41,/orders,GET,5.161780044571819
42,/orders,GET,5.16177995563934
43,/orders,GET,5.161780044571819
44,/orders,GET,5.161780044571819
45,/orders,GET,5.161780044571819
46,/orders,GET,5.161780044571819
47,/orders,GET,5.161780044571819
48,/orders,GET,5.161780044571819
49,/orders,GET,5.161780044571819
50,/orders,GET,5.161780044571819
51,/orders,GET,5.161780044571819
52,/orders,GET,5.161780044571819
53,/orders,GET,5.161780044571819
54,/orders,GET,5.161780044571819
55,/orders,GET,5.161780044571819
56,/orders,GET,5.161780044571819
57,/orders,GET,5.161780044571819
58,/orders,GET,5.161780044571819
59,/orders,GET,5.161780044571819
60,/orders,GET,5.161780044571819
61,/orders,GET,5.161780044571819
62,/orders,GET,5.161780044571819
63,/orders,GET,5.161780044571819
64,/orders,GET,5.161780044571819
65,/orders,GET,5.161780044571819
66,/orders,GET,5.161780044571819
67,/orders,GET,5.161780044571819
68,/orders,GET,5.161780044571819
69,/orders,GET,5.161780044571819
70,/orders,GET,5.161780044571819
71,/orders,GET,5.161780044571819
72,/orders,GET,5.161780044571819
73,/orders,GET,5.161780044571819
74,/orders,GET,5.161780044571819
75,/orders,GET,5.161780044571819
76,/orders,GET,5.161780044571819
77,/orders,GET,5.161780044571819
78,/orders,GET,5.161780044571819
79,/orders,GET,5.161780044571819
80,/orders,GET,5.161780044571819
81,/orders,GET,5.161780044571819
82,/orders,GET,5.161780044571819
83,/orders,GET,5.161780044571819
84,/orders,GET,5.161780044571819
85,/orders,GET,5.161780044571819
86,/orders,GET,5.161780044571819
87,/orders,GET,5.161780044571819
88,/orders,GET,5.161780044571819
89,/orders,GET,5.161780044571819
90,/orders,GET,5.161780044571819
91,/orders,GET,5.161780044571819
92,/orders,GET,5.161780044571819
93,/orders,GET,5.161780044571819
94,/orders,GET,5.161780044571819
95,/orders,GET,5.161780044571819
96,/orders,GET,5.161780044571819
97,/orders,GET,5.161780044571819
98,/orders,GET,5.161780044571819
99,/orders,GET,5.161780044571819
100,/orders,GET,5.161780044571819
101,/orders,GET,5.161780044571819
102,/orders,GET,5.161780044571819
103,/orders,GET,5.161780044571819
104,/orders,GET,5.161780044571819
105,/orders,GET,5.161780044571819
106,/orders,GET,5.161780044571819
107,/orders,GET,5.161780044571819
108,/orders,GET,5.161780044571819
109,/orders,GET,5.161780044571819
110,/orders,GET,5.161780044571819
111,/orders,GET,5.161780044571819
112,/orders,GET,5.161780044571819
113,/orders,GET,5.161780044571819
114,/orders,GET,5.161780044571819
115,/orders,GET,5.161780044571819
116,/orders,GET,5.161780044571819
117,/orders,GET,5.161780044571819
118,/orders,GET,5.161780044571819
119,/orders,GET,5.161780044571819
120,/orders,GET,5.161780044571819
121,/orders,GET,5.161780044571819
122,/orders,GET,5.161780044571819
123,/orders,GET,5.161780044571819
124,/orders,GET,5.161780044571819
125,/orders,GET,5.161780044571819
126,/orders,GET,5.161780044571819
127,/orders,GET,5.161780044571819
128,/orders,GET,5.161780044571819
129,/orders,GET,5.161780044571819
130,/orders,GET,5.161780044571819
131,/orders,GET,5.161780044571819
132,/orders,GET,5.161780044571819
133,/orders,GET,5.161780044571819
134,/orders,GET,5.161780044571819
135,/orders,GET,5.161780044571819
136,/orders,GET,5.161780044571819
137,/orders,GET,5.161780044571819
138,/orders,GET,5.161780044571819
139,/orders,GET,5.161780044571819
140,/orders,GET,5.161780044571819
141,/orders,GET,5.161780044571819
142,/orders,GET,5.161780044571819
143,/orders,GET,5.161780044571819
144,/orders,GET,5.161780044571819
145,/orders,GET,5.161780044571819
146,/orders,GET,5.161780044571819
147,/orders,GET,5.161780044571819
148,/orders,GET,5.161780044571819
149,/orders,GET,5.161780044571819
150,/orders,GET,5.161780044571819
151,/orders,GET,5.161780044571819
152,/orders,GET,5.161780044571819
153,/orders,GET,5.161780044571819
154,/orders,GET,5.161780044571819
155,/orders,GET,5.161780044571819
156,/orders,GET,5.161780044571819
157,/orders,GET,5.161780044571819
158,/orders,GET,5.161780044571819
159,/orders,GET,5.161780044571819
160,/orders,GET,5.161780044571819
161,/orders,GET,5.161780044571819
162,/orders,GET,5.161780044571819
163,/orders,GET,5.161780044571819
164,/orders,GET,5.161780044571819
165,/orders,GET,5.161780044571819
166,/orders,GET,5.161780044571819
167,/orders,GET,5.161780044571819
168,/orders,GET,5.161780044571819
169,/orders,GET,5.161780044571819
170,/orders,GET,5.161780044571819
171,/orders,GET,5.161780044571819
172,/orders,GET,5.161780044571819
173,/orders,GET,5.161780044571819
174,/orders,GET,5.161780044571819
175,/orders,GET,5.161780044571819
176,/orders,GET,5.161780044571819
177,/orders,GET,5.161780044571819
178,/orders,GET,5.161780044571819
179,/orders,GET,5.161780044571819
180,/orders,GET,5.161780044571819
1,/orders,PUT,5.083025215834023
2,/orders,PUT,5.095019352070957
3,/orders,PUT,5.069137187077621
4,/orders,PUT,5.119669115465232
5,/orders,PUT,5.075170159235577
6,/orders,PUT,5.1059947795326845
7,/orders,PUT,5.087840640094533
8,/orders,PUT,5.0971933690000295
9,/orders,PUT,5.09063386501426
10,/orders,PUT,5.096341696022743
11,/orders,PUT,5.092186760285599
12,/orders,PUT,5.094968594329854
13,/orders,PUT,5.093030505213556
14,/orders,PUT,5.094463203966915
15,/orders,PUT,5.093378245859964
16,/orders,PUT,5.0941448062157235
17,/orders,PUT,5.093622921865101
18,/orders,PUT,5.093991895103388
19,/orders,PUT,5.093732547650643
20,/orders,PUT,5.093917444341304
21,/orders,PUT,5.093784125534779
22,/orders,PUT,5.093879991142751
23,/orders,PUT,5.093811281381905
24,/orders,PUT,5.093860034328925
25,/orders,PUT,5.093825314940486
26,/orders,PUT,5.093850465993528
27,/orders,PUT,5.093832240592773
28,/orders,PUT,5.093844451611279
29,/orders,PUT,5.093836979196969
30,/orders,PUT,5.093842264563189
31,/orders,PUT,5.093840077515098
32,/orders,PUT,5.0938417178011655
33,/orders,PUT,5.093840624277121
34,/orders,PUT,5.093841353293151
35,/orders,PUT,5.093840806531128
36,/orders,PUT,5.093841171039143
37,/orders,PUT,5.093840806531128
38,/orders,PUT,5.093840988785136
39,/orders,PUT,5.093840988785136
40,/orders,PUT,5.093840988785136
41,/orders,PUT,5.093840988785136
42,/orders,PUT,5.093840988785136
43,/orders,PUT,5.093840988785136
44,/orders,PUT,5.093840988785136
45,/orders,PUT,5.093840988785136
46,/orders,PUT,5.093840988785136
47,/orders,PUT,5.093840988785136
48,/orders,PUT,5.093840988785136
49,/orders,PUT,5.093840988785136
50,/orders,PUT,5.093840988785136
51,/orders,PUT,5.093840988785136
52,/orders,PUT,5.093840988785136
53,/orders,PUT,5.093840988785136
54,/orders,PUT,5.093840988785136
55,/orders,PUT,5.093840988785136
56,/orders,PUT,5.093840988785136
57,/orders,PUT,5.093840988785136
58,/orders,PUT,5.093840988785136
59,/orders,PUT,5.093840988785136
60,/orders,PUT,5.093840988785136
61,/orders,PUT,5.093840988785136
62,/orders,PUT,5.093840988785136
63,/orders,PUT,5.093840988785136
64,/orders,PUT,5.093840988785136
65,/orders,PUT,5.093840988785136
66,/orders,PUT,5.093840988785136
67,/orders,PUT,5.093840988785136
68,/orders,PUT,5.093840988785136
69,/orders,PUT,5.093840988785136
70,/orders,PUT,5.093840988785136
71,/orders,PUT,5.093840988785136
72,/orders,PUT,5.093840988785136
73,/orders,PUT,5.093840988785136
74,/orders,PUT,5.093840988785136
75,/orders,PUT,5.093840988785136
76,/orders,PUT,5.093840988785136
77,/orders,PUT,5.093840988785136
78,/orders,PUT,5.093840988785136
79,/orders,PUT,5.093840988785136
80,/orders,PUT,5.093840988785136
81,/orders,PUT,5.093840988785136
82,/orders,PUT,5.093840988785136
83,/orders,PUT,5.093840988785136
84,/orders,PUT,5.093840988785136
85,/orders,PUT,5.093840988785136
86,/orders,PUT,5.093840988785136
87,/orders,PUT,5.093840988785136
88,/orders,PUT,5.093840988785136
89,/orders,PUT,5.093840988785136
90,/orders,PUT,5.093840988785136
91,/orders,PUT,5.093840988785136
92,/orders,PUT,5.093840988785136
93,/orders,PUT,5.093840988785136
94,/orders,PUT,5.093840988785136
95,/orders,PUT,5.093840988785136
96,/orders,PUT,5.093840988785136
97,/orders,PUT,5.093840988785136
98,/orders,PUT,5.093840988785136
99,/orders,PUT,5.093840988785136
100,/orders,PUT,5.093840988785136
101,/orders,PUT,5.093840988785136
102,/orders,PUT,5.093840988785136
103,/orders,PUT,5.093840988785136
104,/orders,PUT,5.093840988785136
105,/orders,PUT,5.093840988785136
106,/orders,PUT,5.093840988785136
107,/orders,PUT,5.093840988785136
108,/orders,PUT,5.093840988785136
109,/orders,PUT,5.093840988785136
110,/orders,PUT,5.093840988785136
111,/orders,PUT,5.093840988785136
112,/orders,PUT,5.093840988785136
113,/orders,PUT,5.093840988785136
114,/orders,PUT,5.093840988785136
115,/orders,PUT,5.093840988785136
116,/orders,PUT,5.093840988785136
117,/orders,PUT,5.093840988785136
118,/orders,PUT,5.093840988785136
119,/orders,PUT,5.093840988785136
120,/orders,PUT,5.093840988785136
121,/orders,PUT,5.093840988785136
122,/orders,PUT,5.093840988785136
123,/orders,PUT,5.093840988785136
124,/orders,PUT,5.093840988785136
125,/orders,PUT,5.093840988785136
126,/orders,PUT,5.093840988785136
127,/orders,PUT,5.093840988785136
128,/orders,PUT,5.093840988785136
129,/orders,PUT,5.093840988785136
130,/orders,PUT,5.093840988785136
131,/orders,PUT,5.093840988785136
132,/orders,PUT,5.093840988785136
133,/orders,PUT,5.093840988785136
134,/orders,PUT,5.093840988785136
135,/orders,PUT,5.093840988785136
136,/orders,PUT,5.093840988785136
137,/orders,PUT,5.093840988785136
138,/orders,PUT,5.093840988785136
139,/orders,PUT,5.093840988785136
140,/orders,PUT,5.093840988785136
141,/orders,PUT,5.093840988785136
142,/orders,PUT,5.093840988785136
143,/orders,PUT,5.093840988785136
144,/orders,PUT,5.093840988785136
145,/orders,PUT,5.093840988785136
146,/orders,PUT,5.093840988785136
147,/orders,PUT,5.093840988785136
148,/orders,PUT,5.093840988785136
149,/orders,PUT,5.093840988785136
150,/orders,PUT,5.093840988785136
151,/orders,PUT,5.093840988785136
152,/orders,PUT,5.093840988785136
153,/orders,PUT,5.093840988785136
154,/orders,PUT,5.093840988785136
155,/orders,PUT,5.093840988785136
156,/orders,PUT,5.093840988785136
157,/orders,PUT,5.093840988785136
158,/orders,PUT,5.093840988785136
159,/orders,PUT,5.093840988785136
160,/orders,PUT,5.093840988785136
161,/orders,PUT,5.093840988785136
162,/orders,PUT,5.093840988785136
163,/orders,PUT,5.093840988785136
164,/orders,PUT,5.093840988785136
165,/orders,PUT,5.093840988785136
166,/orders,PUT,5.093840988785136
167,/orders,PUT,5.093840988785136
168,/orders,PUT,5.093840988785136
169,/orders,PUT,5.093840988785136
170,/orders,PUT,5.093840988785136
171,/orders,PUT,5.093840988785136
172,/orders,PUT,5.093840988785136
173,/orders,PUT,5.093840988785136
174,/orders,PUT,5.093840988785136
175,/orders,PUT,5.093840988785136
176,/orders,PUT,5.093840988785136
177,/orders,PUT,5.093840988785136
178,/orders,PUT,5.093840988785136
179,/orders,PUT,5.093840988785136
180,/orders,PUT,5.093840988785136
1,/orders,POST,5.027137177883156
2,/orders,POST,5.064951355094098
3,/orders,POST,4.949491783946722
4,/orders,POST,5.11077767149478
5,/orders,POST,5.009953074764061
6,/orders,POST,5.059973060925215
7,/orders,POST,5.024727916226889
8,/orders,POST,5.057941971662305
9,/orders,POST,5.033864755785344
10,/orders,POST,5.048346353782404
11,/orders,POST,5.0388741215131
12,/orders,POST,5.0453308815094005
13,/orders,POST,5.041302206229669
14,/orders,POST,5.043860611368525
15,/orders,POST,5.042187880751284
16,/orders,POST,5.04328925493522
17,/orders,POST,5.042547230084337
18,/orders,POST,5.04303302715263
19,/orders,POST,5.0427149264397615
20,/orders,POST,5.042931256539509
21,/orders,POST,5.042784634806624
22,/orders,POST,5.04288721598215
23,/orders,POST,5.042814535553134
24,/orders,POST,5.04286434010982
25,/orders,POST,5.042830116363816
26,/orders,POST,5.04285380279855
27,/orders,POST,5.042837231300485
28,/orders,POST,5.042848759299139
29,/orders,POST,5.0428408338000645
30,/orders,POST,5.042846237549433
31,/orders,POST,5.042842635049854
32,/orders,POST,5.04284515679956
33,/orders,POST,5.0428434456122595
34,/orders,POST,5.042844616424623
35,/orders,POST,5.042843895924707
36,/orders,POST,5.042844346237154
37,/orders,POST,5.042843985987196
38,/orders,POST,5.042844256174665
39,/orders,POST,5.042844076049686
40,/orders,POST,5.042844076049686
41,/orders,POST,5.042844076049686
42,/orders,POST,5.042844076049686
43,/orders,POST,5.042844256174665
44,/orders,POST,5.042844166112175
45,/orders,POST,5.042844076049686
46,/orders,POST,5.042844076049686
47,/orders,POST,5.042844076049686
48,/orders,POST,5.042844166112175
49,/orders,POST,5.042844076049686
50,/orders,POST,5.042844166112175
51,/orders,POST,5.042844076049686
52,/orders,POST,5.042844166112175
53,/orders,POST,5.042844076049686
54,/orders,POST,5.042844256174665
55,/orders,POST,5.042844166112175
56,/orders,POST,5.042844166112175
57,/orders,POST,5.042844076049686
58,/orders,POST,5.042844166112175
59,/orders,POST,5.042844076049686
60,/orders,POST,5.042844166112175
61,/orders,POST,5.042844076049686
62,/orders,POST,5.042844256174665
63,/orders,POST,5.042844076049686
64,/orders,POST,5.042844076049686
65,/orders,POST,5.042844076049686
66,/orders,POST,5.042844166112175
67,/orders,POST,5.042844166112175
68,/orders,POST,5.042844076049686
69,/orders,POST,5.042844076049686
70,/orders,POST,5.042844076049686
71,/orders,POST,5.042844076049686
72,/orders,POST,5.042844166112175
73,/orders,POST,5.042844076049686
74,/orders,POST,5.042844076049686
75,/orders,POST,5.042844076049686
76,/orders,POST,5.042844166112175
77,/orders,POST,5.042844256174665
78,/orders,POST,5.042844166112175
79,/orders,POST,5.042844256174665
80,/orders,POST,5.042844076049686
81,/orders,POST,5.042844076049686
82,/orders,POST,5.042844256174665
83,/orders,POST,5.042844076049686
84,/orders,POST,5.042844076049686
85,/orders,POST,5.042844166112175
86,/orders,POST,5.042844076049686
87,/orders,POST,5.042844076049686
88,/orders,POST,5.042844076049686
89,/orders,POST,5.042844166112175
90,/orders,POST,5.042844076049686
91,/orders,POST,5.042844076049686
92,/orders,POST,5.042844076049686
93,/orders,POST,5.042844166112175
94,/orders,POST,5.042844076049686
95,/orders,POST,5.042844166112175
96,/orders,POST,5.042844076049686
97,/orders,POST,5.042844166112175
98,/orders,POST,5.042844076049686
99,/orders,POST,5.042844256174665
100,/orders,POST,5.042844076049686
101,/orders,POST,5.042844076049686
102,/orders,POST,5.042844076049686
103,/orders,POST,5.042844076049686
104,/orders,POST,5.042844076049686
105,/orders,POST,5.042844076049686
106,/orders,POST,5.042844166112175
107,/orders,POST,5.042844076049686
108,/orders,POST,5.042844166112175
109,/orders,POST,5.042844076049686
110,/orders,POST,5.042844256174665
111,/orders,POST,5.042844076049686
112,/orders,POST,5.042844076049686
113,/orders,POST,5.042844076049686
114,/orders,POST,5.042844166112175
115,/orders,POST,5.042844076049686
116,/orders,POST,5.042844166112175
117,/orders,POST,5.042844076049686
118,/orders,POST,5.042844166112175
119,/orders,POST,5.042844076049686
120,/orders,POST,5.042844256174665
121,/orders,POST,5.042844076049686
122,/orders,POST,5.042844076049686
123,/orders,POST,5.042844166112175
124,/orders,POST,5.042844076049686
125,/orders,POST,5.042844166112175
126,/orders,POST,5.042844076049686
127,/orders,POST,5.042844076049686
128,/orders,POST,5.042844076049686
129,/orders,POST,5.042844256174665
130,/orders,POST,5.042844166112175
131,/orders,POST,5.042844076049686
132,/orders,POST,5.042844076049686
133,/orders,POST,5.042844166112175
134,/orders,POST,5.042844076049686
135,/orders,POST,5.042844166112175
136,/orders,POST,5.042844076049686
137,/orders,POST,5.042844076049686
138,/orders,POST,5.042844076049686
139,/orders,POST,5.042844076049686
140,/orders,POST,5.042844256174665
141,/orders,POST,5.042844076049686
142,/orders,POST,5.042844076049686
143,/orders,POST,5.042844076049686
144,/orders,POST,5.042844076049686
145,/orders,POST,5.042844076049686
146,/orders,POST,5.042844076049686
147,/orders,POST,5.042844166112175
148,/orders,POST,5.042844166112175
149,/orders,POST,5.042844076049686
150,/orders,POST,5.042844076049686
151,/orders,POST,5.042844166112175
152,/orders,POST,5.042844166112175
153,/orders,POST,5.042844076049686
154,/orders,POST,5.042844076049686
155,/orders,POST,5.042844166112175
156,/orders,POST,5.042844256174665
157,/orders,POST,5.042844076049686
158,/orders,POST,5.042844076049686
159,/orders,POST,5.042844166112175
160,/orders,POST,5.042844076049686
161,/orders,POST,5.042844166112175
162,/orders,POST,5.042844076049686
163,/orders,POST,5.042844076049686
164,/orders,POST,5.042844076049686
165,/orders,POST,5.042844256174665
166,/orders,POST,5.042844166112175
167,/orders,POST,5.042844166112175
168,/orders,POST,5.042844076049686
169,/orders,POST,5.042844166112175
170,/orders,POST,5.042844076049686
171,/orders,POST,5.042844166112175
172,/orders,POST,5.042844076049686
173,/orders,POST,5.042844076049686
174,/orders,POST,5.042844076049686
175,/orders,POST,5.042844256174665
176,/orders,POST,5.042844076049686
177,/orders,POST,5.042844166112175
178,/orders,POST,5.042844076049686
179,/orders,POST,5.042844076049686
180,/orders,POST,5.042844256174665
1,/inventory,GET,5.14563414740741
2,/inventory,GET,5.162727823071739
3,/inventory,GET,5.151982494436843
4,/inventory,GET,5.160253573824968
5,/inventory,GET,5.152142839602386
6,/inventory,GET,5.155486300609186
7,/inventory,GET,5.155487710237015
8,/inventory,GET,5.155443483163881
9,/inventory,GET,5.155670433244343
10,/inventory,GET,5.1559086603474364
11,/inventory,GET,5.155755715727995
12,/inventory,GET,5.155823554067263
13,/inventory,GET,5.155760649425396
14,/inventory,GET,5.155789370592411
15,/inventory,GET,5.155749372402765
16,/inventory,GET,5.155752191658422
17,/inventory,GET,5.1557504296236365
18,/inventory,GET,5.155753601286252
19,/inventory,GET,5.15575131064103
20,/inventory,GET,5.155753425082773
21,/inventory,GET,5.155753248879294
22,/inventory,GET,5.1557535131845125
23,/inventory,GET,5.1557535131845125
24,/inventory,GET,5.155753601286252
25,/inventory,GET,5.155753601286252
26,/inventory,GET,5.155753601286252
27,/inventory,GET,5.155753601286252
28,/inventory,GET,5.155753601286252
29,/inventory,GET,5.155753601286252
30,/inventory,GET,5.155753601286252
31,/inventory,GET,5.155753601286252
32,/inventory,GET,5.155753689387991
33,/inventory,GET,5.155753689387991
34,/inventory,GET,5.155753601286252
35,/inventory,GET,5.155753601286252
36,/inventory,GET,5.1557535131845125
37,/inventory,GET,5.155753601286252
38,/inventory,GET,5.155753601286252
39,/inventory,GET,5.155753689387991
40,/inventory,GET,5.155753601286252
41,/inventory,GET,5.155753601286252
42,/inventory,GET,5.155753601286252
43,/inventory,GET,5.155753601286252
44,/inventory,GET,5.155753601286252
45,/inventory,GET,5.155753601286252
46,/inventory,GET,5.1557535131845125
47,/inventory,GET,5.155753601286252
48,/inventory,GET,5.155753601286252
49,/inventory,GET,5.155753601286252
50,/inventory,GET,5.155753601286252
51,/inventory,GET,5.155753689387991
52,/inventory,GET,5.155753689387991
53,/inventory,GET,5.155753601286252
54,/inventory,GET,5.155753689387991
55,/inventory,GET,5.155753601286252
56,/inventory,GET,5.155753601286252
57,/inventory,GET,5.155753601286252
58,/inventory,GET,5.155753689387991
59,/inventory,GET,5.155753689387991
60,/inventory,GET,5.155753601286252
61,/inventory,GET,5.155753601286252
62,/inventory,GET,5.155753601286252
63,/inventory,GET,5.155753601286252
64,/inventory,GET,5.155753601286252
65,/inventory,GET,5.155753601286252
66,/inventory,GET,5.155753601286252
67,/inventory,GET,5.155753601286252
68,/inventory,GET,5.155753601286252
69,/inventory,GET,5.155753601286252
70,/inventory,GET,5.155753601286252
71,/inventory,GET,5.155753601286252
72,/inventory,GET,5.155753601286252
73,/inventory,GET,5.155753601286252
74,/inventory,GET,5.155753689387991
75,/inventory,GET,5.155753601286252
76,/inventory,GET,5.155753601286252
77,/inventory,GET,5.155753601286252
78,/inventory,GET,5.155753689387991
79,/inventory,GET,5.155753601286252
80,/inventory,GET,5.155753689387991
81,/inventory,GET,5.1557535131845125
82,/inventory,GET,5.155753601286252
83,/inventory,GET,5.155753601286252
84,/inventory,GET,5.155753601286252
85,/inventory,GET,5.1557535131845125
86,/inventory,GET,5.155753601286252
87,/inventory,GET,5.155753601286252
88,/inventory,GET,5.1557535131845125
89,/inventory,GET,5.155753601286252
90,/inventory,GET,5.155753601286252
91,/inventory,GET,5.155753601286252
92,/inventory,GET,5.155753689387991
93,/inventory,GET,5.155753601286252
94,/inventory,GET,5.155753601286252
95,/inventory,GET,5.155753601286252
96,/inventory,GET,5.155753601286252
97,/inventory,GET,5.155753601286252
98,/inventory,GET,5.155753601286252
99,/inventory,GET,5.155753601286252
100,/inventory,GET,5.155753601286252
101,/inventory,GET,5.155753601286252
102,/inventory,GET,5.155753601286252
103,/inventory,GET,5.1557535131845125
104,/inventory,GET,5.155753689387991
105,/inventory,GET,5.155753689387991
106,/inventory,GET,5.155753601286252
107,/inventory,GET,5.155753601286252
108,/inventory,GET,5.155753689387991
109,/inventory,GET,5.155753601286252
110,/inventory,GET,5.155753601286252
111,/inventory,GET,5.155753601286252
112,/inventory,GET,5.155753601286252
113,/inventory,GET,5.155753601286252
114,/inventory,GET,5.155753601286252
115,/inventory,GET,5.155753689387991
116,/inventory,GET,5.155753601286252
117,/inventory,GET,5.155753601286252
118,/inventory,GET,5.155753601286252
119,/inventory,GET,5.155753601286252
120,/inventory,GET,5.155753601286252
121,/inventory,GET,5.155753601286252
122,/inventory,GET,5.1557535131845125
123,/inventory,GET,5.155753601286252
124,/inventory,GET,5.155753601286252
125,/inventory,GET,5.155753601286252
126,/inventory,GET,5.155753601286252
127,/inventory,GET,5.155753601286252
128,/inventory,GET,5.155753601286252
129,/inventory,GET,5.155753601286252
130,/inventory,GET,5.155753689387991
131,/inventory,GET,5.155753601286252
132,/inventory,GET,5.155753601286252
133,/inventory,GET,5.155753601286252
134,/inventory,GET,5.155753601286252
135,/inventory,GET,5.155753689387991
136,/inventory,GET,5.155753689387991
137,/inventory,GET,5.155753601286252
138,/inventory,GET,5.155753601286252
139,/inventory,GET,5.155753689387991
140,/inventory,GET,5.155753601286252
141,/inventory,GET,5.155753689387991
142,/inventory,GET,5.155753601286252
143,/inventory,GET,5.155753601286252
144,/inventory,GET,5.155753601286252
145,/inventory,GET,5.155753601286252
146,/inventory,GET,5.155753601286252
147,/inventory,GET,5.155753601286252
148,/inventory,GET,5.1557535131845125
149,/inventory,GET,5.155753601286252
150,/inventory,GET,5.155753601286252
151,/inventory,GET,5.155753601286252
152,/inventory,GET,5.155753601286252
153,/inventory,GET,5.155753689387991
154,/inventory,GET,5.155753601286252
155,/inventory,GET,5.155753689387991
156,/inventory,GET,5.155753689387991
157,/inventory,GET,5.155753601286252
158,/inventory,GET,5.155753601286252
159,/inventory,GET,5.155753601286252
160,/inventory,GET,5.155753601286252
161,/inventory,GET,5.155753601286252
162,/inventory,GET,5.155753601286252
163,/inventory,GET,5.155753601286252
164,/inventory,GET,5.155753601286252
165,/inventory,GET,5.155753689387991
166,/inventory,GET,5.155753601286252
167,/inventory,GET,5.155753601286252
168,/inventory,GET,5.155753601286252
169,/inventory,GET,5.155753689387991
170,/inventory,GET,5.1557535131845125
171,/inventory,GET,5.155753601286252
172,/inventory,GET,5.155753601286252
173,/inventory,GET,5.155753601286252
174,/inventory,GET,5.155753601286252
175,/inventory,GET,5.155753601286252
176,/inventory,GET,5.155753601286252
177,/inventory,GET,5.1557535131845125
178,/inventory,GET,5.155753601286252
179,/inventory,GET,5.155753601286252
180,/inventory,GET,5.155753601286252
1,/inventory,PUT,5.10344838610033
2,/inventory,PUT,5.048012942446323
3,/inventory,PUT,5.040396988147835
4,/inventory,PUT,5.043638247081982
5,/inventory,PUT,5.042933958414194
6,/inventory,PUT,5.048105346560536
7,/inventory,PUT,5.042269657491738
8,/inventory,PUT,5.046150270038753
9,/inventory,PUT,5.043981655354396
10,/inventory,PUT,5.045272340891234
11,/inventory,PUT,5.044660276212681
12,/inventory,PUT,5.044827252068189
13,/inventory,PUT,5.044830044005363
14,/inventory,PUT,5.044800053196364
15,/inventory,PUT,5.044827612318147
16,/inventory,PUT,5.044799692946406
17,/inventory,PUT,5.0448166246944295
18,/inventory,PUT,5.044809419695271
19,/inventory,PUT,5.044813022194851
20,/inventory,PUT,5.044811941444976
21,/inventory,PUT,5.044812301694934
22,/inventory,PUT,5.044812661944892
23,/inventory,PUT,5.044812031507466
24,/inventory,PUT,5.044812481819913
25,/inventory,PUT,5.044812121569955
26,/inventory,PUT,5.044812301694934
27,/inventory,PUT,5.044812301694934
28,/inventory,PUT,5.044812301694934
29,/inventory,PUT,5.044812211632445
30,/inventory,PUT,5.044812211632445
31,/inventory,PUT,5.044812121569955
32,/inventory,PUT,5.044812301694934
33,/inventory,PUT,5.044812301694934
34,/inventory,PUT,5.044812211632445
35,/inventory,PUT,5.044812211632445
36,/inventory,PUT,5.044812211632445
37,/inventory,PUT,5.044812211632445
38,/inventory,PUT,5.044812211632445
39,/inventory,PUT,5.044812301694934
40,/inventory,PUT,5.044812121569955
41,/inventory,PUT,5.044812211632445
42,/inventory,PUT,5.044812301694934
43,/inventory,PUT,5.044812121569955
44,/inventory,PUT,5.044812211632445
45,/inventory,PUT,5.044812301694934
46,/inventory,PUT,5.044812301694934
47,/inventory,PUT,5.044812211632445
48,/inventory,PUT,5.044812211632445
49,/inventory,PUT,5.044812301694934
50,/inventory,PUT,5.044812121569955
51,/inventory,PUT,5.044812211632445
52,/inventory,PUT,5.044812301694934
53,/inventory,PUT,5.044812211632445
54,/inventory,PUT,5.044812301694934
55,/inventory,PUT,5.044812301694934
56,/inventory,PUT,5.044812211632445
57,/inventory,PUT,5.044812211632445
58,/inventory,PUT,5.044812301694934
59,/inventory,PUT,5.044812301694934
60,/inventory,PUT,5.044812211632445
61,/inventory,PUT,5.044812211632445
62,/inventory,PUT,5.044812211632445
63,/inventory,PUT,5.044812211632445
64,/inventory,PUT,5.044812301694934
65,/inventory,PUT,5.044812301694934
66,/inventory,PUT,5.044812211632445
67,/inventory,PUT,5.044812211632445
68,/inventory,PUT,5.044812301694934
69,/inventory,PUT,5.044812301694934
70,/inventory,PUT,5.044812301694934
71,/inventory,PUT,5.044812211632445
72,/inventory,PUT,5.044812211632445
73,/inventory,PUT,5.044812211632445
74,/inventory,PUT,5.044812211632445
75,/inventory,PUT,5.044812301694934
76,/inventory,PUT,5.044812301694934
77,/inventory,PUT,5.044812211632445
78,/inventory,PUT,5.044812301694934
79,/inventory,PUT,5.044812211632445
80,/inventory,PUT,5.044812211632445
81,/inventory,PUT,5.044812301694934
82,/inventory,PUT,5.044812301694934
83,/inventory,PUT,5.044812211632445
84,/inventory,PUT,5.044812211632445
85,/inventory,PUT,5.044812301694934
86,/inventory,PUT,5.044812301694934
87,/inventory,PUT,5.044812301694934
88,/inventory,PUT,5.044812121569955
89,/inventory,PUT,5.044812211632445
90,/inventory,PUT,5.044812211632445
91,/inventory,PUT,5.044812301694934
92,/inventory,PUT,5.044812301694934
93,/inventory,PUT,5.044812121569955
94,/inventory,PUT,5.044812211632445
95,/inventory,PUT,5.044812301694934
96,/inventory,PUT,5.044812301694934
97,/inventory,PUT,5.044812211632445
98,/inventory,PUT,5.044812121569955
99,/inventory,PUT,5.044812121569955
100,/inventory,PUT,5.044812301694934
101,/inventory,PUT,5.044812121569955
102,/inventory,PUT,5.044812211632445
103,/inventory,PUT,5.044812301694934
104,/inventory,PUT,5.044812301694934
105,/inventory,PUT,5.044812301694934
106,/inventory,PUT,5.044812211632445
107,/inventory,PUT,5.044812211632445
108,/inventory,PUT,5.044812211632445
109,/inventory,PUT,5.044812301694934
110,/inventory,PUT,5.044812211632445
111,/inventory,PUT,5.044812121569955
112,/inventory,PUT,5.044812211632445
113,/inventory,PUT,5.044812121569955
114,/inventory,PUT,5.044812211632445
115,/inventory,PUT,5.044812211632445
116,/inventory,PUT,5.044812211632445
117,/inventory,PUT,5.044812211632445
118,/inventory,PUT,5.044812301694934
119,/inventory,PUT,5.044812211632445
120,/inventory,PUT,5.044812121569955
121,/inventory,PUT,5.044812301694934
122,/inventory,PUT,5.044812211632445
123,/inventory,PUT,5.044812301694934
124,/inventory,PUT,5.044812301694934
125,/inventory,PUT,5.044812121569955
126,/inventory,PUT,5.044812301694934
127,/inventory,PUT,5.044812301694934
128,/inventory,PUT,5.044812211632445
129,/inventory,PUT,5.044812211632445
130,/inventory,PUT,5.044812121569955
131,/inventory,PUT,5.044812211632445
132,/inventory,PUT,5.044812211632445
133,/inventory,PUT,5.044812211632445
134,/inventory,PUT,5.044812211632445
135,/inventory,PUT,5.044812211632445
136,/inventory,PUT,5.044812301694934
137,/inventory,PUT,5.044812211632445
138,/inventory,PUT,5.044812211632445
139,/inventory,PUT,5.044812211632445
140,/inventory,PUT,5.044812211632445
141,/inventory,PUT,5.044812211632445
142,/inventory,PUT,5.044812121569955
143,/inventory,PUT,5.044812211632445
144,/inventory,PUT,5.044812301694934
145,/inventory,PUT,5.044812211632445
146,/inventory,PUT,5.044812121569955
147,/inventory,PUT,5.044812211632445
148,/inventory,PUT,5.044812121569955
149,/inventory,PUT,5.044812301694934
150,/inventory,PUT,5.044812211632445
151,/inventory,PUT,5.044812121569955
152,/inventory,PUT,5.044812301694934
153,/inventory,PUT,5.044812211632445
154,/inventory,PUT,5.044812301694934
155,/inventory,PUT,5.044812211632445
156,/inventory,PUT,5.044812211632445
157,/inventory,PUT,5.044812211632445
158,/inventory,PUT,5.044812121569955
159,/inventory,PUT,5.044812211632445
160,/inventory,PUT,5.044812301694934
161,/inventory,PUT,5.044812211632445
162,/inventory,PUT,5.044812211632445
163,/inventory,PUT,5.044812301694934
164,/inventory,PUT,5.044812301694934
165,/inventory,PUT,5.044812121569955
166,/inventory,PUT,5.044812301694934
167,/inventory,PUT,5.044812121569955
168,/inventory,PUT,5.044812211632445
169,/inventory,PUT,5.044812301694934
170,/inventory,PUT,5.044812301694934
171,/inventory,PUT,5.044812301694934
172,/inventory,PUT,5.044812301694934
173,/inventory,PUT,5.044812211632445
174,/inventory,PUT,5.044812211632445
175,/inventory,PUT,5.044812211632445
176,/inventory,PUT,5.044812211632445
177,/inventory,PUT,5.044812211632445
178,/inventory,PUT,5.044812211632445
179,/inventory,PUT,5.044812211632445
180,/inventory,PUT,5.044812211632445
1,/inventory,POST,5.131115871614746
2,/inventory,POST,5.034199237425963
3,/inventory,POST,5.084382980973615
4,/inventory,POST,5.102211788613298
5,/inventory,POST,5.085883945637466
6,/inventory,POST,5.072074064336108
7,/inventory,POST,5.079061133920142
8,/inventory,POST,5.081562921406428
9,/inventory,POST,5.082728091952175
10,/inventory,POST,5.080939676021582
11,/inventory,POST,5.080906249365993
12,/inventory,POST,5.081172764044692
13,/inventory,POST,5.081251568283808
14,/inventory,POST,5.08114077509472
15,/inventory,POST,5.081145986777581
16,/inventory,POST,5.081151378173644
17,/inventory,POST,5.081147514339799
18,/inventory,POST,5.08114850276241
19,/inventory,POST,5.081150569464234
20,/inventory,POST,5.081150299894431
21,/inventory,POST,5.081147604196399
22,/inventory,POST,5.081147963622803
23,/inventory,POST,5.08114850276241
24,/inventory,POST,5.081148682475612
25,/inventory,POST,5.081148323049208
26,/inventory,POST,5.081148323049208
27,/inventory,POST,5.081148323049208
28,/inventory,POST,5.081148412905809
29,/inventory,POST,5.081148323049208
30,/inventory,POST,5.081148323049208
31,/inventory,POST,5.081148323049208
32,/inventory,POST,5.081148323049208
33,/inventory,POST,5.081148412905809
34,/inventory,POST,5.081148323049208
35,/inventory,POST,5.081148323049208
36,/inventory,POST,5.081148412905809
37,/inventory,POST,5.081148323049208
38,/inventory,POST,5.081148323049208
39,/inventory,POST,5.081148412905809
40,/inventory,POST,5.081148323049208
41,/inventory,POST,5.081148323049208
42,/inventory,POST,5.081148412905809
43,/inventory,POST,5.081148323049208
44,/inventory,POST,5.081148323049208
45,/inventory,POST,5.081148323049208
46,/inventory,POST,5.081148323049208
47,/inventory,POST,5.081148323049208
48,/inventory,POST,5.081148323049208
49,/inventory,POST,5.081148323049208
50,/inventory,POST,5.081148323049208
51,/inventory,POST,5.081148323049208
52,/inventory,POST,5.081148323049208
53,/inventory,POST,5.081148323049208
54,/inventory,POST,5.081148323049208
55,/inventory,POST,5.081148323049208
56,/inventory,POST,5.081148323049208
57,/inventory,POST,5.081148323049208
58,/inventory,POST,5.081148323049208
59,/inventory,POST,5.081148323049208
60,/inventory,POST,5.081148323049208
61,/inventory,POST,5.081148323049208
62,/inventory,POST,5.081148323049208
63,/inventory,POST,5.081148412905809
64,/inventory,POST,5.081148323049208
65,/inventory,POST,5.081148323049208
66,/inventory,POST,5.081148323049208
67,/inventory,POST,5.081148323049208
68,/inventory,POST,5.081148323049208
69,/inventory,POST,5.08114850276241
70,/inventory,POST,5.081148323049208
71,/inventory,POST,5.081148323049208
72,/inventory,POST,5.081148323049208
73,/inventory,POST,5.081148323049208
74,/inventory,POST,5.081148323049208
75,/inventory,POST,5.081148323049208
76,/inventory,POST,5.081148323049208
77,/inventory,POST,5.081148412905809
78,/inventory,POST,5.081148323049208
79,/inventory,POST,5.081148323049208
80,/inventory,POST,5.081148323049208
81,/inventory,POST,5.081148323049208
82,/inventory,POST,5.081148323049208
83,/inventory,POST,5.081148323049208
84,/inventory,POST,5.081148412905809
85,/inventory,POST,5.081148412905809
86,/inventory,POST,5.081148412905809
87,/inventory,POST,5.081148412905809
88,/inventory,POST,5.081148323049208
89,/inventory,POST,5.081148323049208
90,/inventory,POST,5.081148323049208
91,/inventory,POST,5.081148323049208
92,/inventory,POST,5.081148323049208
93,/inventory,POST,5.081148412905809
94,/inventory,POST,5.081148323049208
95,/inventory,POST,5.081148323049208
96,/inventory,POST,5.081148412905809
97,/inventory,POST,5.081148323049208
98,/inventory,POST,5.081148412905809
99,/inventory,POST,5.081148323049208
100,/inventory,POST,5.081148323049208
101,/inventory,POST,5.081148323049208
102,/inventory,POST,5.081148323049208
103,/inventory,POST,5.081148323049208
104,/inventory,POST,5.081148323049208
105,/inventory,POST,5.081148412905809
106,/inventory,POST,5.081148412905809
107,/inventory,POST,5.081148412905809
108,/inventory,POST,5.081148323049208
109,/inventory,POST,5.081148323049208
110,/inventory,POST,5.081148323049208
111,/inventory,POST,5.081148323049208
112,/inventory,POST,5.081148323049208
113,/inventory,POST,5.081148412905809
114,/inventory,POST,5.081148323049208
115,/inventory,POST,5.081148323049208
116,/inventory,POST,5.081148323049208
117,/inventory,POST,5.081148323049208
118,/inventory,POST,5.081148323049208
119,/inventory,POST,5.081148323049208
120,/inventory,POST,5.081148323049208
121,/inventory,POST,5.081148323049208
122,/inventory,POST,5.081148323049208
123,/inventory,POST,5.081148323049208
124,/inventory,POST,5.081148323049208
125,/inventory,POST,5.081148323049208
126,/inventory,POST,5.081148412905809
127,/inventory,POST,5.081148323049208
128,/inventory,POST,5.081148323049208
129,/inventory,POST,5.081148412905809
130,/inventory,POST,5.081148323049208
131,/inventory,POST,5.081148323049208
132,/inventory,POST,5.081148412905809
133,/inventory,POST,5.081148323049208
134,/inventory,POST,5.081148412905809
135,/inventory,POST,5.081148323049208
136,/inventory,POST,5.081148323049208
137,/inventory,POST,5.081148323049208
138,/inventory,POST,5.081148323049208
139,/inventory,POST,5.081148323049208
140,/inventory,POST,5.081148323049208
141,/inventory,POST,5.081148323049208
142,/inventory,POST,5.08114850276241
143,/inventory,POST,5.081148323049208
144,/inventory,POST,5.081148323049208
145,/inventory,POST,5.081148412905809
146,/inventory,POST,5.081148323049208
147,/inventory,POST,5.081148323049208
148,/inventory,POST,5.081148323049208
149,/inventory,POST,5.081148323049208
150,/inventory,POST,5.081148323049208
151,/inventory,POST,5.081148412905809
152,/inventory,POST,5.081148323049208
153,/inventory,POST,5.08114850276241
154,/inventory,POST,5.081148323049208
155,/inventory,POST,5.081148323049208
156,/inventory,POST,5.081148323049208
157,/inventory,POST,5.081148323049208
158,/inventory,POST,5.081148323049208
159,/inventory,POST,5.081148323049208
160,/inventory,POST,5.08114850276241
161,/inventory,POST,5.081148323049208
162,/inventory,POST,5.081148323049208
163,/inventory,POST,5.081148323049208
164,/inventory,POST,5.081148412905809
165,/inventory,POST,5.081148412905809
166,/inventory,POST,5.081148412905809
167,/inventory,POST,5.081148323049208
168,/inventory,POST,5.081148323049208
169,/inventory,POST,5.081148412905809
170,/inventory,POST,5.081148323049208
171,/inventory,POST,5.081148412905809
172,/inventory,POST,5.081148412905809
173,/inventory,POST,5.081148412905809
174,/inventory,POST,5.081148323049208
175,/inventory,POST,5.081148323049208
176,/inventory,POST,5.081148323049208
177,/inventory,POST,5.081148323049208
178,/inventory,POST,5.081148323049208
179,/inventory,POST,5.081148323049208
180,/inventory,POST,5.081148323049208
